PLAYER,POS,GP_AnG,GP_DFO,GP_DtZ,GP_LX,GP_Cull,GP_SL,GP_YF,GP_i1,GP_i2,W_AnG,W_DFO,W_DtZ,W_LX,W_Cull,W_SL,W_YF,W_i1,W_i2,GAA_AnG,GAA_DFO,GAA_DtZ,GAA_LX,GAA_Cull,GAA_SL,GAA_YF,GAA_i1,GAA_i2,SV_AnG,SV_DFO,SV_DtZ,SV_LX,SV_Cull,SV_SL,SV_YF,SV_i1,SV_i2,SV%_AnG,SV%_DFO,SV%_DtZ,SV%_LX,SV%_Cull,SV%_SL,SV%_YF,SV%_i1,SV%_i2,SO_AnG,SO_DFO,SO_DtZ,SO_LX,SO_Cull,SO_SL,SO_YF,SO_i1,SO_i2,season,GP_KUB,W_KUB,GAA_KUB,SV_KUB,SV%_KUB,SO_KUB,GP_BFH,W_BFH,GAA_BFH,SV_BFH,SV%_BFH,SO_BFH,PlayerID
Adin Hill,G,,25,25,,34,,7,,25,,13.5,12,11,19,,2,,16,,2.8,2.8,2.8,2.7,,3,,2.5,,631.2,705,671,,,184,,660,,0.904,0.91,0.907,0.911,,0.898,,0.915,,2.1,2,,,,,,,2022-2023,,,,,,,,,,,,,Adin Hill_G
Alex Nedeljkovic,G,,40,40,,36,,44,,13,,17.3,19,18,14,,20,15,5,,3,2.9,3.1,2.9,,3.1,2.9,3.5,,1156.7,1172,1197,,,1406,1026,417,,0.909,0.909,0.899,0.905,,0.909,0.909,0.895,,3.1,3,,,,4,,,2022-2023,,,,,,,,,,,,,Alex Nedeljkovic_G
Alexandar Georgiev,G,,39,37,,52,,45,,62,,23.7,19,26,32,,15,32,40,,2.7,2.9,2.7,2.7,,2.6,2.7,2.5,,1054.8,1000,1278,,,1311,1471,1748,,0.911,0.905,0.899,0.908,,0.916,0.915,0.918,,2.9,3,,,,3,,,2022-2023,,,,,,,,,,,,,Alexandar Georgiev_G
Andrei Vasilevskiy,G,,62,63,,62,,63,,60,,36.4,41,41,41,,44,36,34,,2.5,2.5,2.4,2.4,,2.4,2.5,2.7,,1648.6,1732,1698,,,1740,1668,1716,,0.919,0.918,0.916,0.919,,0.921,0.918,0.915,,5.1,4,,,,6,,,2022-2023,,,,,,,,,,,,,Andrei Vasilevskiy_G
Anthony Stolarz,G,,26,28,,30,,22,,12,,10.9,15,10,13,,11,11,5,,2.9,2.8,2.8,2.4,,2.6,2.9,3.7,,734.2,850,726,,,689,786,443,,0.909,0.916,0.919,0.916,,0.917,0.909,0.897,,2.1,3,,,,2,,,2022-2023,,,,,,,,,,,,,Anthony Stolarz_G
Anton Forsberg,G,,37,41,,34,,35,,25,,17.7,20,14,15,,16,17,11,,3,2.8,2.9,2.9,,2.8,2.9,3.3,,1057.2,1217,890,,,1046,1026,737,,0.908,0.914,0.915,0.912,,0.914,0.911,0.902,,1.2,1,,,,2,,,2022-2023,,,,,,,,,,,,,Anton Forsberg_G
Antti Raanta,G,,27,30,,28,,26,,26,,15.2,15,13,18,,14,15,19,,2.6,2.7,2.6,2.6,,2.7,2.7,2.2,,689.1,835,658,,,664,726,586,,0.909,0.913,0.913,0.912,,0.907,0.908,0.91,,1.8,2,,,,2,,,2022-2023,,,,,,,,,,,,,Antti Raanta_G
Brian Elliott,G,,20,21,,21,,17,,22,,11.2,12,11,12,,11,12,12,,2.8,2.9,2.8,2.6,,2.8,2.9,3.4,,529.3,553,504,,,480,603,614,,0.908,0.901,0.915,0.903,,0.907,0.905,0.891,,1.1,1,,,,1,,,2022-2023,,,,,,,,,,,,,Brian Elliott_G
Cam Talbot,G,,45,43,,50,,45,,32,,21.1,26,27,26,,21,22,17,,2.9,2.7,2.9,2.7,,2.8,3,2.9,,1293.2,1230,1514,,,1337,1372,840,,0.911,0.913,0.913,0.914,,0.914,0.908,0.898,,2.5,3,,,,3,,,2022-2023,,,,,,,,,,,,,Cam Talbot_G
Carter Hart,G,,59,46,,56,,51,,54,,24.2,19,23,24,,18,21,22,,3,3,2.9,3,,3,3.1,2.9,,1632.6,1261,1589,,,1525,1548,1510,,0.905,0.901,0.908,0.906,,0.909,0.903,0.907,,1.6,2,,,,2,,,2022-2023,,,,,,,,,,,,,Carter Hart_G
Casey DeSmith,G,,30,30,,24,,19,,33,,16.5,16,12,12,,11,15,15,,2.7,2.8,2.7,2.7,,2.8,2.8,3.2,,814.4,863,664,,,407,792,1033,,0.911,0.912,0.913,0.914,,0.913,0.909,0.905,,2.6,3,,,,2,,,2022-2023,,,,,,,,,,,,,Casey DeSmith_G
Charlie Lindgren,G,,25,20,,29,,20,,26,,13.2,10,12,12,,11,,13,,2.8,2.9,2.7,2.8,,2.7,,3.1,,630.8,563,621,,,542,,767,,0.903,0.908,0.909,0.909,,0.908,,0.899,,2.1,1,,,,2,,,2022-2023,,,,,,,,,,,,,Charlie Lindgren_G
Connor Hellebuyck,G,,62,64,,64,,65,,64,,30.7,32,30,32,,30,30,37,,2.8,2.7,2.8,2.8,,2.8,2.7,2.5,,1773.2,1843,1826,,,1882,1758,1807,,0.914,0.914,0.921,0.914,,0.915,0.915,0.92,,4.7,5,,,,4,,,2022-2023,,,,,,,,,,,,,Connor Hellebuyck_G
Craig Anderson,G,,43,31,,27,,35,,24,,16.1,15,17,14,,14,18,11,,3.1,3.1,3.2,3,,3.4,3,3.1,,1225.7,875,1220,,,1054,1305,747,,0.905,0.902,0.895,0.902,,0.898,0.907,0.908,,1,,,,,1,,,2022-2023,,,,,,,,,,,,,Craig Anderson_G
Dan Vladar,G,,20,21,,23,,21,,23,,11.2,13,10,14,,12,12,14,,2.8,2.9,2.8,2.7,,2.6,2.9,2.9,,522.5,602,484,,,537,596,596,,0.906,0.907,0.883,0.908,,0.904,0.904,0.894,,1.3,2,,,,2,,,2022-2023,,,,,,,,,,,,,Dan Vladar_G
Darcy Kuemper,G,,57,51,,55,,59,,56,,30,28,31,32,,35,28,22,,2.6,2.5,2.4,2.5,,2.4,2.7,2.9,,1480.6,1394,1520,,,1570,1437,1520,,0.912,0.918,0.919,0.919,,0.918,0.909,0.908,,4.3,4,,,,5,,,2022-2023,,,,,,,,,,,,,Darcy Kuemper_G
David Rittich,G,,20,20,,20,,17,,18,,8.1,9,7,8,,8,9,9,,3.3,3.1,3.1,3.3,,3.9,3.1,2.7,,563.8,571,502,,,531,636,456,,0.899,0.902,0.926,0.9,,0.882,0.902,0.901,,0.9,1,,,,1,,,2022-2023,,,,,,,,,,,,,David Rittich_G
Elvis Merzlikins,G,,56,53,,60,,50,,27,,23.9,24,25,29,,27,23,7,,3,2.9,3,2.7,,3,2.9,4.2,,1639.2,1610,1734,,,1534,1661,779,,0.91,0.912,0.908,0.912,,0.911,0.913,0.876,,3.8,4,,,,2,,,2022-2023,,,,,,,,,,,,,Elvis Merzlikins_G
Eric Comrie,G,,39,35,,41,,12,,19,,15.6,20,13,19,,8,15,9,,2.9,2.8,3,2.8,,2.7,2.9,3.7,,1120.8,1048,925,,,392,1073,526,,0.911,0.915,0.919,0.911,,0.918,0.909,0.886,,1.8,2,,,,1,,,2022-2023,,,,,,,,,,,,,Eric Comrie_G
Filip Gustavsson,G,,29,24,,30,,24,,37,,16.3,11,10,17,,14,18,22,,2.9,3.2,3,2.8,,2.8,2.9,2.1,,792.4,732,642,,,650,902,1092,,0.908,0.906,0.893,0.906,,0.905,0.906,0.931,,1,1,,,,1,,,2022-2023,,,,,,,,,,,,,Filip Gustavsson_G
Frederik Andersen,G,,55,52,,50,,50,,33,,31.7,32,33,32,,32,34,21,,2.5,2.5,2.4,2.4,,2.4,2.5,2.5,,1409.2,1389,1476,,,1302,1522,767,,0.915,0.916,0.924,0.915,,0.916,0.918,0.903,,3.5,3,,,,3,,,2022-2023,,,,,,,,,,,,,Frederik Andersen_G
Igor Shesterkin,G,,62,55,,60,,58,,58,,33.9,34,35,35,,37,33,37,,2.4,2.4,2.1,2.3,,2.1,2.4,2.5,,1713.3,1606,1640,,,1690,1688,1575,,0.921,0.925,0.933,0.93,,0.933,0.924,0.916,,5.8,5,,,,7,,,2022-2023,,,,,,,,,,,,,Igor Shesterkin_G
Ilya Samsonov,G,,36,41,,44,,46,,40,,22,25,22,28,,30,22,27,,2.8,2.9,2.9,2.8,,2.7,2.8,2.3,,966.5,1094,1007,,,1257,980,1088,,0.908,0.902,0.895,0.906,,0.911,0.908,0.919,,2.5,3,,,,3,,,2022-2023,,,,,,,,,,,,,Ilya Samsonov_G
Ilya Sorokin,G,,52,47,,54,,52,,60,,25.9,25,27,28,,28,26,31,,2.5,2.4,2.5,2.4,,2.5,2.6,2.3,,1455.8,1311,1452,,,1556,1571,1698,,0.919,0.921,0.923,0.922,,0.923,0.917,0.924,,5.6,6,,,,6,,,2022-2023,,,,,,,,,,,,,Ilya Sorokin_G
Jack Campbell,G,,51,48,,54,,53,,34,,29,30,31,35,,34,30,21,,2.9,2.6,2.7,2.6,,2.5,2.8,3.4,,1425.3,1291,1543,,,1474,1550,912,,0.909,0.913,0.913,0.913,,0.917,0.91,0.888,,3.4,4,,,,4,,,2022-2023,,,,,,,,,,,,,Jack Campbell_G
Jacob Markstrom,G,,62,61,,61,,61,,58,,36.6,33,35,39,,33,37,23,,2.5,2.5,2.5,2.4,,2.4,2.5,2.9,,1627.4,1607,1696,,,1605,1650,1376,,0.915,0.915,0.92,0.918,,0.918,0.916,0.892,,5.4,6,,,,6,,,2022-2023,,,,,,,,,,,,,Jacob Markstrom_G
Jake Allen,G,,54,41,,52,,47,,41,,21.1,16,18,22,,20,21,15,,3,2.8,2.9,2.9,,3,3,3.6,,1545.8,1162,1341,,,1334,1544,1190,,0.909,0.909,0.907,0.911,,0.905,0.909,0.891,,1.9,2,,,,2,,,2022-2023,,,,,,,,,,,,,Jake Allen_G
Jake Oettinger,G,,57,50,,60,,57,,61,,30.4,29,31,32,,34,30,37,,2.7,2.6,2.5,2.5,,2.6,2.7,2.4,,1545.7,1342,1556,,,1636,1551,1632,,0.913,0.912,0.916,0.915,,0.919,0.913,0.919,,2.9,2,,,,3,,,2022-2023,,,,,,,,,,,,,Jake Oettinger_G
James Reimer,G,,46,44,,36,,42,,41,,18.4,23,17,14,,15,17,12,,2.9,2.8,2.8,2.8,,2.8,2.9,3.5,,1283.4,1231,1155,,,1195,1255,1188,,0.908,0.91,0.912,0.91,,0.913,0.907,0.89,,2.5,2,,,,2,,,2022-2023,,,,,,,,,,,,,James Reimer_G
Jaroslav Halak,G,,20,24,,24,,21,,24,,10.3,12,12,11,,8,12,10,,2.9,2.7,2.6,2.7,,3,2.9,2.7,,544.2,649,583,,,573,672,614,,0.905,0.909,0.901,0.907,,0.907,0.906,0.903,,1.3,2,,,,1,,,2022-2023,,,,,,,,,,,,,Jaroslav Halak_G
Jeremy Swayman,G,,43,43,,46,,41,,33,,25.1,25,24,27,,22,28,24,,2.5,2.4,2.4,2.4,,2.3,2.6,2.3,,1115.2,1135,1025,,,918,1259,877,,0.915,0.917,0.913,0.916,,0.905,0.916,0.92,,3.6,4,,,,3,,,2022-2023,,,,,,,,,,,,,Jeremy Swayman_G
John Gibson,G,,56,54,,55,,56,,52,,24.4,19,22,20,,19,24,14,,3,3,3,3.1,,3.2,2.9,4,,1589.3,1510,1716,,,1590,1601,1783,,0.908,0.904,0.905,0.904,,0.904,0.911,0.899,,2.5,2,,,,2,,,2022-2023,,,,,,,,,,,,,John Gibson_G
Jonathan Quick,G,,46,42,,40,,44,,36,,23.9,20,21,22,,23,22,16,,2.7,2.6,2.7,2.7,,2.8,2.8,3.4,,1189.8,1072,1160,,,1136,1185,953,,0.907,0.906,0.909,0.906,,0.906,0.906,0.882,,2.6,2,,,,2,,,2022-2023,,,,,,,,,,,,,Jonathan Quick_G
Joonas Korpisalo,G,,26,29,,,,29,,37,,10.4,12,9,,,9,10,18,,3.3,3.2,3.3,,,3.2,3.3,2.9,,750.2,810,704,,,779,805,1102,,0.9,0.897,0.878,,,0.892,0.901,0.914,,1.5,1,,,,,,,2022-2023,,,,,,,,,,,,,Joonas Korpisalo_G
Jordan Binnington,G,,56,53,,54,,50,,60,,30,27,27,31,,31,30,27,,2.8,2.8,2.8,2.9,,2.7,2.8,3.3,,1524.9,1430,1431,,,1388,1625,1632,,0.908,0.908,0.899,0.906,,0.913,0.911,0.894,,2.6,2,,,,3,,,2022-2023,,,,,,,,,,,,,Jordan Binnington_G
Juuse Saros,G,,63,60,,62,,61,,63,,35,34,30,38,,35,33,33,,2.6,2.6,2.5,2.6,,2.6,2.6,2.7,,1781.4,1734,1778,,,1762,1740,1928,,0.918,0.919,0.92,0.919,,0.92,0.918,0.919,,5.1,4,,,,4,,,2022-2023,,,,,,,,,,,,,Juuse Saros_G
Kaapo Kahkonen,G,,36,31,,48,,32,,37,,14.3,16,15,19,,13,14,9,,3.1,2.9,2.9,2.9,,2.9,2.9,3.9,,993,874,1143,,,932,1058,1014,,0.903,0.908,0.913,0.91,,0.913,0.909,0.883,,1.6,1,,,,2,,,2022-2023,,,,,,,,,,,,,Kaapo Kahkonen_G
Karel Vejmelka,G,,61,40,,57,,54,,49,,20.3,13,16,16,,13,17,18,,3.3,3.3,3.2,3.4,,3.5,3.1,3.4,,1779.8,1201,1759,,,1714,1505,1502,,0.901,0.901,0.924,0.901,,0.908,0.907,0.899,,1.6,1,,,,1,,,2022-2023,,,,,,,,,,,,,Karel Vejmelka_G
Kevin Lankinen,G,,19,23,,22,,20,,18,,9.3,9,,11,,8,11,9,,3.1,3.2,,3,,3.3,3,2.8,,530.1,674,,,,591,629,534,,0.904,0.903,,0.9,,0.9,0.905,0.916,,0.8,1,,,,1,,,2022-2023,,,,,,,,,,,,,Kevin Lankinen_G
Laurent Brossoit,G,,21,30,,,,21,,10,,11.3,15,13,,,14,19,7,,2.8,3,2.7,,,2.9,2.8,2.2,,546.6,833,700,,,716,1021,294,,0.906,0.904,0.893,,,0.923,0.907,0.927,,0.9,2,,,,1,,,2022-2023,,,,,,,,,,,,,Laurent Brossoit_G
Linus Ullmark,G,,39,38,,38,,39,,48,,20.8,21,24,21,,24,22,40,,2.6,2.6,2.4,2.5,,2.5,2.6,1.9,,1013.9,1042,1040,,,1062,1010,1366,,0.913,0.915,0.915,0.916,,0.916,0.912,0.938,,2,1,,,,2,,,2022-2023,,,,,,,,,,,,,Linus Ullmark_G
Logan Thompson,G,,36,35,,40,,49,,36,,19.4,19,18,24,,27,24,21,,2.7,2.9,2.8,2.6,,2.7,2.7,2.7,,942.3,1031,1012,,,1409,1278,1036,,0.908,0.911,0.909,0.913,,0.913,0.913,0.915,,2.1,2,,,,3,,,2022-2023,,,,,,,,,,,,,Logan Thompson_G
MacKenzie Blackwood,G,,38,42,,36,,30,,20,,18.4,18,14,17,,14,18,10,,3,3,3,2.9,,2.9,2.9,3.2,,1035.9,1195,886,,,854,1036,503,,0.904,0.904,0.89,0.902,,0.905,0.906,0.893,,2.3,2,,,,2,,,2022-2023,,,,,,,,,,,,,MacKenzie Blackwood_G
Marc-Andre Fleury,G,,53,54,,55,,56,,45,,30.8,31,33,33,,35,30,24,,2.6,2.6,2.7,2.6,,2.7,2.7,2.9,,1457.7,1460,1623,,,1556,1420,1241,,0.915,0.912,0.902,0.912,,0.912,0.914,0.908,,4.5,5,,,,4,,,2022-2023,,,,,,,,,,,,,Marc-Andre Fleury_G
Matt Murray,G,,46,40,,40,,30,,26,,28.6,17,21,25,,19,30,14,,2.8,3,2.9,2.9,,2.8,2.7,3,,1232,1077,1129,,,846,1321,687,,0.909,0.901,0.905,0.906,,0.912,0.911,0.903,,2.5,2,,,,2,,,2022-2023,,,,,,,,,,,,,Matt Murray_G
Pavel Francouz,G,,43,39,,34,,36,,16,,26.4,27,21,22,,16,19,8,,2.7,2.7,2.5,2.5,,2.5,2.9,2.6,,1168.9,1170,930,,,1012,915,451,,0.912,0.916,0.922,0.917,,0.919,0.908,0.915,,2.2,3,,,,2,,,2022-2023,,,,,,,,,,,,,Pavel Francouz_G
Petr Mrazek,G,,45,42,,44,,42,,38,,16.4,24,13,14,,12,15,10,,3,2.7,3.3,3.4,,3.9,3,3.7,,1287.6,1085,1312,,,1243,1155,1116,,0.907,0.904,0.89,0.901,,0.892,0.902,0.894,,2.4,3,,,,1,,,2022-2023,,,,,,,,,,,,,Petr Mrazek_G
Philipp Grubauer,G,,51,52,,56,,52,,36,,24.2,27,27,26,,22,24,17,,2.7,2.6,2.6,2.7,,3,2.7,2.9,,1319.1,1300,1517,,,1381,1394,832,,0.907,0.906,0.89,0.904,,0.905,0.913,0.895,,3.3,4,,,,3,,,2022-2023,,,,,,,,,,,,,Philipp Grubauer_G
Pyotr Kochetkov,G,,,,,,,5,,23,,,,,,,3,,12,,,,,,,2.3,,2.4,,,,,,,122,,570,,,,,,,0.904,,0.909,,,,,,,,,,2022-2023,,,,,,,,,,,,,Pyotr Kochetkov_G
Sam Montembeault,G,,28,14,,,,30,,39,,9.9,5,,,,12,12,16,,3.3,3.7,,,,3.4,3.1,3.4,,787.9,447,,,,857,907,1212,,0.898,0.896,,,,0.894,0.907,0.901,,0.7,1,,,,1,,,2022-2023,,,,,,,,,,,,,Sam Montembeault_G
Scott Wedgewood,G,,25,30,,24,,20,,18,,13,12,11,10,,11,14,9,,2.7,3.2,2.9,2.9,,2.8,2.9,2.7,,672.8,934,654,,,604,759,552,,0.91,0.907,0.89,0.905,,0.914,0.907,0.915,,1.4,2,,,,1,,,2022-2023,,,,,,,,,,,,,Scott Wedgewood_G
Semyon Varlamov,G,,30,40,,30,,30,,22,,14.7,19,12,14,,12,13,11,,2.7,2.6,2.7,2.6,,2.9,2.8,2.7,,839.4,1155,769,,,922,812,629,,0.914,0.917,0.887,0.916,,0.914,0.913,0.913,,2.6,4,,,,3,,,2022-2023,,,,,,,,,,,,,Semyon Varlamov_G
Sergei Bobrovsky,G,,44,54,,48,,52,,49,,26.6,34,32,32,,36,31,24,,2.8,2.8,2.8,2.9,,2.8,2.7,3.1,,1195.5,1493,1376,,,1442,1405,1321,,0.909,0.908,0.915,0.908,,0.91,0.913,0.901,,2.7,2,,,,3,,,2022-2023,,,,,,,,,,,,,Sergei Bobrovsky_G
Spencer Knight,G,,38,32,,36,,29,,19,,22.4,20,18,22,,18,19,9,,2.8,2.9,2.7,2.6,,2.8,2.9,3.2,,1030.2,929,804,,,815,893,565,,0.91,0.908,0.906,0.914,,0.907,0.907,0.901,,1.8,2,,,,2,,,2022-2023,,,,,,,,,,,,,Spencer Knight_G
Spencer Martin,G,,21,25,,20,,9,,27,,10.6,12,10,9,,4,,11,,2.8,2.9,2.9,3,,2.9,,4,,598.3,704,592,,,256,,723,,0.912,0.908,0.897,0.909,,0.908,,0.871,,0.7,1,,,,,,,2022-2023,,,,,,,,,,,,,Spencer Martin_G
Stuart Skinner,G,,31,34,,30,,27,,48,,17.1,17,15,18,,17,15,29,,3,2.8,2.8,2.7,,2.8,3,2.8,,862.1,957,828,,,780,798,1403,,0.904,0.911,0.92,0.907,,0.909,0.904,0.913,,1.7,2,,,,2,,,2022-2023,,,,,,,,,,,,,Stuart Skinner_G
Thatcher Demko,G,,61,58,,64,,63,,32,,31,30,32,36,,36,31,14,,2.7,2.8,2.8,2.8,,2.6,2.6,3.2,,1716,1714,1794,,,1769,1677,906,,0.915,0.913,0.914,0.913,,0.917,0.918,0.901,,2.6,1,,,,5,,,2022-2023,,,,,,,,,,,,,Thatcher Demko_G
Thomas Greiss,G,,26,25,,26,,30,,16,,12.6,10,13,13,,16,12,7,,3.1,2.9,2.9,3.1,,3.2,3,3.6,,708,687,776,,,883,708,561,,0.901,0.905,0.89,0.902,,0.904,0.904,0.896,,0.8,1,,,,1,,,2022-2023,,,,,,,,,,,,,Thomas Greiss_G
Tristan Jarry,G,,52,56,,60,,58,,47,,29.4,34,31,36,,33,31,24,,2.7,2.6,2.6,2.5,,2.5,2.7,2.9,,1433.5,1552,1721,,,1489,1539,1286,,0.914,0.915,0.921,0.917,,0.911,0.915,0.909,,3.5,4,,,,3,,,2022-2023,,,,,,,,,,,,,Tristan Jarry_G
Ukko-Pekka Luukkonen,G,,,,,,,12,,32,,,,,,,2,,17,,,,,,,3,,3.6,,,,,,,339,,939,,,,,,,0.911,,0.891,,,,,,,,,,2022-2023,,,,,,,,,,,,,Ukko-Pekka Luukkonen_G
Ville Husso,G,,42,42,,48,,36,,56,,19.5,26,19,20,,18,20,26,,2.9,2.8,3,2.8,,2.8,2.9,3.1,,1209.4,1211,1174,,,1120,1347,1436,,0.912,0.911,0.918,0.911,,0.915,0.908,0.896,,2.1,2,,,,2,,,2022-2023,,,,,,,,,,,,,Ville Husso_G
Vitek Vanecek,G,,44,40,,48,,40,,48,,22.4,22,24,26,,20,24,33,,2.8,2.7,2.8,2.7,,2.7,2.7,2.5,,1204.1,1053,1344,,,1149,1301,1214,,0.909,0.908,0.907,0.908,,0.91,0.914,0.911,,3,3,,,,2,,,2022-2023,,,,,,,,,,,,,Vitek Vanecek_G
Adin Hill,G,,43,40,,,,,,35,,23.4,21.9,22,22,,21,29,19,,2.5,2.7,2.6,2.6,,2.6,2.7,2.7,,1198.9,1086.8,1121,,,1076,1368,890,,0.918,0.911,0.914,0.912,,0.91,0.913,0.909,,3.7,2.16,,1,,2,3,2,2023-2024,,,2.5,983.4,0.916,2.03,,,,,,,Adin Hill_G
Akira Schmid,G,,41,30,,,,,,15,,25,17,15,19,,15,19,5,,2.6,2.6,2.7,2.5,,2.3,2.8,3.2,,1036.8,823.1,811,,,713,878,409,,0.908,0.912,0.921,0.912,,0.913,0.908,0.895,,3.7,1.73,,2,,2,2,0,2023-2024,,,2.5,578.9,0.912,0.94,,,,,,,Akira Schmid_G
Alex Lyon,G,,,10,,,,,,43,,,5.7,,,,4,8,21,,,3,,,,3,3,3.1,,,296.9,,,,267,490,1198,,,0.908,,,,0.908,0.901,0.904,,,0.58,,,,0,1,2,2023-2024,,,,,,,,,,,,,Alex Lyon_G
Alex Nedeljkovic,G,,29.4,25,,,,,,33,,14,11.6,10,13,,14,12,18,,3.1,3,2.9,3.1,,3.3,2.9,3,,861.7,739.4,665,,,869,666,937,,0.903,0.907,0.902,0.906,,0.895,0.904,0.902,,1.8,1.78,,1,,0,1,1,2023-2024,,,3,880.4,0.905,1.49,,,,,,,Alex Nedeljkovic_G
Alexandar Georgiev,G,,58.1,58,,,,,,62,,35.5,33.7,37,34,,36,33,38,,2.6,2.6,2.5,2.7,,2.6,2.6,3,,1603.8,1583.5,1619,,,1535,1556,1587,,0.913,0.912,0.92,0.91,,0.916,0.914,0.897,,4.7,4.58,,4,,4,4,2,2023-2024,,,2.7,1632.4,0.914,4.05,,,,,,,Alexandar Georgiev_G
Andrei Vasilevskiy,G,,61.5,63,,,,,,52,,38.8,38.4,37,36,,36,24,30,,2.5,2.5,2.6,2.5,,2.6,2.6,2.9,,1721,1753.1,1710,,,1730,1210,1329,,0.917,0.917,0.901,0.918,,0.916,0.917,0.9,,3.8,4.18,,4,,4,3,2,2023-2024,,,2.6,1957.2,0.92,4.15,,,,,,,Andrei Vasilevskiy_G
Anthony Stolarz,G,,13.8,10,,,,,,24,,6.9,5,,,,10,11,16,,3.1,3.2,,,,3,3.1,2,,422.1,316.9,,,,626,571,633,,0.909,0.909,,,,0.902,0.903,0.925,,1,0.74,,,,1,1,2,2023-2024,,,,,,,,,,,,,Anthony Stolarz_G
Anton Forsberg,G,,36,36,,,,,,28,,18.5,17,14,18,,15,18,15,,3,2.9,2.9,2.9,,3.1,2.8,3.2,,1105.6,1061.6,887,,,936,947,681,,0.91,0.909,0.901,0.909,,0.906,0.908,0.89,,1.7,1.68,,1,,1,2,2,2023-2024,,,2.9,1185.9,0.908,1.75,,,,,,,Anton Forsberg_G
Antti Raanta,G,,26,20,,,,,,20,,16.1,12.1,15,13,,18,13,12,,2.3,2.6,2.4,2.6,,2.5,2.9,3,,616.5,512.6,676,,,767,563,430,,0.911,0.909,0.909,0.909,,0.911,0.902,0.872,,3.2,1.84,,2,,2,1,1,2023-2024,,,2.8,593.6,0.898,1.73,,,,,,,Antti Raanta_G
Arturs Silovs,G,,,,,,,,,4,,,,10,,,3,,3,,,,2.9,,,2.9,,2.5,,,,641,,,223,,74,,,,0.925,,,0.907,,0.881,,,,,,,0,,0,2023-2024,,,,,,,,,,,,,Arturs Silovs_G
Arvid Soderblom,G,,33,25,,,,,,29,,11,8.7,8,,,7,13,5,,3.6,3.3,3.3,,,3.2,3,3.9,,969.6,733.5,899,,,737,1046,828,,0.89,0.9,0.892,,,0.898,0.904,0.879,,0,0.65,,,,0,2,0,2023-2024,,,3.5,756.5,0.889,0.46,,,,,,,Arvid Soderblom_G
Cal Petersen,G,,14,30,,,,,,4,,6.3,13.8,11,,,7,,2,,3.1,3.1,3.1,,,3.3,,3.9,,364.9,834.5,755,,,461,,114,,0.895,0.901,0.891,,,0.888,,0.864,,0.6,1.21,,,,0,,0,2023-2024,,,3,807.7,0.902,1.31,,,,,,,Cal Petersen_G
Cam Talbot,G,,48,40,,,,,,52,,28.9,23.2,25,23,,21,18,27,,2.8,2.8,2.6,2.8,,2.9,3,2.5,,1309.5,1099.7,1237,,,1069,921,1360,,0.906,0.908,0.897,0.906,,0.904,0.9,0.913,,2.3,2.05,,2,,2,1,3,2023-2024,,,2.9,1095.9,0.905,1.61,,,,,,,Cam Talbot_G
Carter Hart,G,,54,51,,,,,,25,,22.5,19.7,23,18,,22,18,12,,3,3,3,3.2,,2.9,2.9,2.8,,1532.6,1424.8,1553,,,1471,1366,659,,0.905,0.902,0.909,0.901,,0.907,0.908,0.906,,1.8,1.86,,1,,2,3,1,2023-2024,,,3.3,1589.2,0.901,2.23,,,,,,,Carter Hart_G
Casey DeSmith,G,,33,20,,,,,,27,,15.5,9.9,9,14,,3,5,12,,3.2,3,3,2.9,,3.4,3.2,2.9,,965.4,595.8,555,,,145,398,679,,0.902,0.908,0.905,0.909,,0.901,0.9,0.895,,1.5,1.12,,1,,1,,1,2023-2024,,,,,,,,,,,,,Casey DeSmith_G
Charlie Lindgren,G,,29.8,25,,,,,,48,,15.5,12.5,12,14,,14,10,25,,2.9,3.2,3.1,3,,3,3.1,2.7,,831,722.1,704,,,748,698,1304,,0.905,0.901,0.908,0.903,,0.902,0.903,0.911,,0.9,0.45,,1,,0,1,6,2023-2024,,,2.8,699.2,0.904,0.62,,,,,,,Charlie Lindgren_G
Chris Driedger,G,,25.5,28,,,,,,2,,13.7,14,13,15,,7,7,1,,2.6,2.6,2.6,2.7,,3,2.9,2.5,,680.5,751,720,,,,396,55,,0.912,0.911,0.898,0.908,,,0.901,0.917,,1.9,2.21,,1,,0,1,0,2023-2024,,,,,,,,,,,,,Chris Driedger_G
Connor Hellebuyck,G,,65.2,66,,,,,,60,,33.7,34.5,35,32,,33,34,37,,2.7,2.6,2.6,2.6,,2.6,2.5,2.4,,1899.7,1873.2,1863,,,1731,1691,1656,,0.916,0.915,0.922,0.917,,0.915,0.916,0.921,,4.3,4.4,,4,,4,5,5,2023-2024,,,2.7,1861,0.917,4.24,,,,,,,Connor Hellebuyck_G
Connor Ingram,G,,33,35,,,,,,48,,13.3,11.8,12,,,8,15,23,,3.4,3.2,3.2,,,3.3,2.9,2.9,,1072.5,1096.3,987,,,814,983,1325,,0.906,0.906,0.901,,,0.906,0.907,0.907,,1.2,1.45,,,,1,2,6,2023-2024,,,3.3,809.2,0.905,0.8,,,,,,,Connor Ingram_G
Daniel Vladar,G,,21,26,,,,,,19,,12.2,15.4,13,12,,6,9,8,,2.8,3,2.8,2.8,,2.7,2.9,3.6,,525.4,711.2,625,,,307,482,506,,0.899,0.901,0.897,0.9,,0.9,0.901,0.882,,0.7,1.08,,1,,0,1,0,2023-2024,,,2.9,747.2,0.902,0.78,,,,,,,Daniel Vladar_G
Daniil Tarasov,G,,37.5,30,,,,,,23,,13.5,11.3,11,15,,7,,8,,3.5,3.2,3.3,3.2,,3.6,,3.2,,1236.8,860,903,,,570,,723,,0.904,0.898,0.893,0.905,,0.895,,0.908,,1.1,0.71,,1,,0,,0,2023-2024,,,3.3,738.7,0.894,0.49,,,,,,,Daniil Tarasov_G
Darcy Kuemper,G,,52.2,56,,,,,,30,,25.7,26.8,28,24,,26,23,13,,2.7,2.6,2.7,2.7,,2.8,2.9,3.3,,1487.4,1516.3,1461,,,1508,1509,837,,0.913,0.912,0.909,0.911,,0.911,0.91,0.89,,4.8,4.6,,3,,4,3,1,2023-2024,,,2.7,1585.5,0.913,4.15,,,,,,,Darcy Kuemper_G
David Rittich,G,,,15,,,,,,22,,,7,,,,1,,13,,,3.1,,,,3,,2.2,,,413.5,,,,57,,572,,,0.9,,,,0.905,,0.921,,,0.46,,,,0,,3,2023-2024,,,,,,,,,,,,,David Rittich_G
Devon Levi,G,,40,40,,,,,,21,,22.2,22.6,18,22,,18,23,10,,2.8,3,3,2.7,,2.8,2.9,3.1,,1191.7,1126.4,1125,,,1170,1360,599,,0.914,0.905,0.883,0.91,,0.908,0.906,0.899,,2.9,1.3,,1,,2,2,0,2023-2024,,,3.2,911.2,0.901,0.9,,,,,,,Devon Levi_G
Dustin Wolf,G,,,15,,,,,,15,,,7.5,7,,,7,4,7,,,2.9,2.9,,,2.5,2.8,3.2,,,421,395,,,379,215,417,,,0.906,0.917,,,0.909,0.905,0.893,,,0.76,,,,0,,0,2023-2024,,,,,,,,,,,,,Dustin Wolf_G
Elvis Merzlikins,G,,44.5,48,,,,,,40,,17.6,19.3,19,14,,18,20,13,,3.3,3.3,3.3,3.3,,3.4,3.1,3.5,,1379.4,1450.6,1393,,,1536,1466,1136,,0.904,0.901,0.874,0.899,,0.897,0.908,0.897,,1.3,1.82,,1,,2,1,1,2023-2024,,,3.3,1640.6,0.898,1.55,,,,,,,Elvis Merzlikins_G
Eric Comrie,G,,21,24,,,,,,10,,11.4,12.5,11,,,5,10,2,,3.2,3.1,3.1,,,3.2,3.1,3.7,,606.2,689.7,673,,,352,620,222,,0.899,0.901,0.884,,,0.898,0.902,0.874,,1.2,1.3,,,,0,1,0,2023-2024,,,,,,,,,,,,,Eric Comrie_G
Filip Gustavsson,G,,43,45,,,,,,43,,25.6,24.2,23,25,,22,29,20,,2.4,2.6,2.6,2.5,,2.3,2.7,3.1,,1235.5,1341,1273,,,1068,1524,1154,,0.922,0.919,0.929,0.917,,0.925,0.915,0.899,,2.3,2.54,,2,,2,3,3,2023-2024,,,2.6,1077,0.919,2.04,,,,,,,Filip Gustavsson_G
Frederik Andersen,G,,42,42,,,,,,16,,26,26,28,21,,23,26,13,,2.3,2.5,2.4,2.5,,2.5,2.7,1.8,,1030.7,1064.7,1157,,,846,1108,382,,0.914,0.909,0.902,0.906,,0.908,0.909,0.932,,2.3,1.92,,2,,2,3,3,2023-2024,,,2.8,887.7,0.904,1.63,,,,,,,Frederik Andersen_G
Igor Shesterkin,G,,58,56,,,,,,55,,37.5,34.4,36,37,,36,36,36,,2.4,2.4,2.5,2.4,,2.4,2.4,2.6,,1641.5,1573.8,1640,,,1570,1597,1465,,0.923,0.92,0.915,0.921,,0.921,0.922,0.912,,4.1,3.98,,4,,4,5,4,2023-2024,,,2.5,1645.6,0.921,3.78,,,,,,,Igor Shesterkin_G
Ilya Samsonov,G,,41.4,46,,,,,,40,,22.5,28.9,30,32,,27,30,23,,2.5,2.7,2.5,2.6,,2.6,2.8,3.1,,1109.2,1230.8,1402,,,1287,1426,967,,0.915,0.908,0.918,0.909,,0.913,0.911,0.89,,3.8,4.03,,4,,3,3,3,2023-2024,,,2.6,1133.5,0.914,3.2,,,,,,,Ilya Samsonov_G
Ilya Sorokin,G,,60,54,,,,,,55,,31.6,28.2,32,31,,31,31,25,,2.4,2.4,2.4,2.3,,2.4,2.4,3,,1711,1514.1,1710,,,1665,1695,1655,,0.924,0.921,0.925,0.923,,0.923,0.92,0.908,,6.9,5.88,,7,,6,5,2,2023-2024,,,2.6,1572.3,0.92,4.73,,,,,,,Ilya Sorokin_G
Jack Campbell,G,,34,33,,,,,,5,,20.6,21,19,19,,21,19,1,,3,2.8,2.9,2.9,,3,2.9,4.5,,926.5,888.3,884,,,981,888,137,,0.902,0.905,0.911,0.903,,0.902,0.904,0.873,,2.3,2.26,,2,,2,1,0,2023-2024,,,2.9,1147.8,0.903,2.67,,,,,,,Jack Campbell_G
Jacob Markstrom,G,,61,62,,,,,,48,,30.5,30.2,31,29,,26,31,23,,2.6,2.6,2.6,2.7,,2.8,2.7,2.8,,1528.2,1542.5,1579,,,1340,1511,1248,,0.905,0.905,0.92,0.903,,0.901,0.908,0.905,,4.3,4.23,,4,,3,4,2,2023-2024,,,2.9,1449.4,0.904,2.79,,,,,,,Jacob Markstrom_G
Jake Allen,G,,38.4,45,,,,,,33,,13,16.7,13,16,,17,13,12,,3.4,3.2,3.2,3.3,,3.4,3.1,3.4,,1126.4,1282.9,1100,,,1211,1025,973,,0.897,0.9,0.89,0.898,,0.897,0.902,0.895,,1.2,1.45,,1,,1,1,0,2023-2024,,,3.4,1107.5,0.895,1.28,,,,,,,Jake Allen_G
Jake Oettinger,G,,61,54,,,,,,53,,36.3,31.5,36,34,,36,37,35,,2.4,2.5,2.5,2.4,,2.4,2.4,2.7,,1624.8,1449.7,1582,,,1551,1673,1336,,0.917,0.915,0.917,0.916,,0.919,0.917,0.905,,3.7,3.14,,3,,4,5,3,2023-2024,,,2.6,1504.9,0.914,3.16,,,,,,,Jake Oettinger_G
James Reimer,G,,26,30,,,,,,20,,11.5,12.8,12,,,10,9,11,,3.2,3.1,3.1,,,3.6,3,3.1,,738.4,852.6,827,,,786,544,657,,0.899,0.901,0.891,,,0.896,0.899,0.904,,1.2,1.33,,,,1,1,2,2023-2024,,,3.2,1122.3,0.9,1.78,,,,,,,James Reimer_G
Jeremy Swayman,G,,38.5,39,,,,,,43,,21.7,24.9,22,19,,23,21,25,,2.3,2.4,2.4,2.3,,2.4,2.8,2.5,,994.9,1035.8,967,,,924,1024,1179,,0.917,0.917,0.922,0.919,,0.918,0.912,0.916,,3.8,3.94,,3,,3,2,3,2023-2024,,,2.4,1009.9,0.918,3.21,,,,,,,Jeremy Swayman_G
Joel Hofer,G,,22.8,30,,,,,,27,,11.1,15,12,13,,13,8,15,,3.2,2.9,2.9,3,,2.9,3.1,2.7,,661.4,830.4,785,,,971,567,758,,0.901,0.905,0.92,0.901,,0.905,0.901,0.913,,0,1.02,,0,,1,1,1,2023-2024,,,3.2,552.4,0.898,0.36,,,,,,,Joel Hofer_G
Joey Daccord,G,,,,,,,,,46,,,,12,,,11,9,19,,,,3,,,2.7,2.9,2.5,,,,759,,,514,528,1258,,,,0.885,,,0.902,0.9,0.916,,,,,,,1,1,3,2023-2024,,,3.1,615.3,0.893,0.43,,,,,,,Joey Daccord_G
John Gibson,G,,53.3,50,,,,,,44,,18.7,15.6,16,18,,18,21,13,,3.3,3.3,3.3,3.3,,3.6,3.1,3.5,,1578.3,1524.4,1519,,,1773,1675,1192,,0.901,0.902,0.9,0.901,,0.904,0.908,0.888,,1.4,1.82,,2,,1,2,0,2023-2024,,,3.6,1393.5,0.898,1.93,,,,,,,John Gibson_G
Jonas Johansson,G,,20.5,20,,,,,,24,,7.2,10,11,,,8,17,12,,3.3,2.9,3.1,,,3,3.2,3.4,,572.8,561.4,567,,,469,1017,669,,0.896,0.906,0.893,,,0.895,0.899,0.89,,0.6,1.01,,,,0,1,2,2023-2024,,,3,428.3,0.894,0.34,,,,,,,Jonas Johansson_G
Jonathan Quick,G,,24,25,,,,,,26,,9.3,12,11,,,12,13,18,,3,3,2.9,,,3.2,3.1,2.6,,617.5,645.3,556,,,658,660,702,,0.894,0.897,0.88,,,0.893,0.898,0.911,,1.3,1.44,,,,1,1,2,2023-2024,,,3,679.9,0.898,1.35,,,,,,,Jonathan Quick_G
Joonas Korpisalo,G,,46,45,,,,,,49,,23.6,19.3,27,21,,22,23,21,,2.9,3.1,2.9,3.3,,2.8,2.9,3.3,,1331.7,1296.8,1547,,,1284,1225,1355,,0.908,0.902,0.915,0.9,,0.915,0.907,0.89,,1.2,0.99,,0,,2,2,0,2023-2024,,,3,1196.5,0.908,1.23,,,,,,,Joonas Korpisalo_G
Jordan Binnington,G,,59.2,50,,,,,,55,,27,23.1,24,25,,22,25,28,,3.2,3,3.1,3.1,,3.5,3,2.8,,1649.7,1361.4,1411,,,1553,1690,1630,,0.898,0.9,0.892,0.9,,0.898,0.905,0.913,,2,1.62,,2,,2,3,3,2023-2024,,,3.3,1809.9,0.898,2.95,,,,,,,Jordan Binnington_G
Joseph Woll,G,,40.6,30,,,,,,23,,26.7,18.2,17,,,15,14,12,,2.4,2.7,2.7,,,2.8,3,2.9,,1090.1,848.6,804,,,861,680,700,,0.919,0.913,0.924,,,0.909,0.905,0.907,,3,0.98,,,,1,1,0,2023-2024,,,2.8,456.4,0.911,0.68,,,,,,,Joseph Woll_G
Juuse Saros,G,,61.5,63,,,,,,64,,32.2,34.5,33,31,,33,28,35,,2.6,2.6,2.6,2.6,,2.7,2.6,2.9,,1840.5,1852.2,1992,,,1894,1722,1672,,0.919,0.919,0.918,0.921,,0.919,0.916,0.906,,2.9,3.27,,3,,3,4,3,2023-2024,,,2.8,1708.3,0.917,3.05,,,,,,,Juuse Saros_G
Kaapo Kahkonen,G,,41.7,42,,,,,,33,,13.9,17.5,15,,,12,14,7,,3.2,3.2,3.1,,,3.7,3.1,3.6,,1210.1,1169.5,1215,,,1028,1282,1023,,0.901,0.897,0.885,,,0.889,0.903,0.898,,1.1,1.54,,,,1,1,1,2023-2024,,,3.4,1336.1,0.895,1.61,,,,,,,Kaapo Kahkonen_G
Karel Vejmelka,G,,49,43,,,,,,33,,19.7,15.3,18,19,,20,18,13,,3.4,3.4,3.3,3.5,,3.3,2.9,3.4,,1544.7,1298.6,1433,,,1489,1179,975,,0.904,0.9,0.902,0.901,,0.902,0.907,0.895,,2.2,1.97,,2,,2,2,1,2023-2024,,,3.4,1722.9,0.899,3.03,,,,,,,Karel Vejmelka_G
Kevin Lankinen,G,,20.5,23,,,,,,17,,8.6,10,8,,,9,7,11,,3,3,3,,,3.1,3.1,2.8,,610.9,674.1,589,,,589,457,554,,0.908,0.906,0.917,,,0.909,0.902,0.908,,0.5,0.68,,,,0,1,1,2023-2024,,,3,782.5,0.907,0.64,,,,,,,Kevin Lankinen_G
Laurent Brossoit,G,,16.8,20,,,,,,22,,9.1,10.9,9,,,7,9,15,,2.6,2.7,2.8,,,2.7,2.9,2,,440,556.3,531,,,442,483,575,,0.911,0.91,0.906,,,0.906,0.902,0.927,,0.6,0.95,,,,1,1,3,2023-2024,,,2.6,544.6,0.912,0.79,,,,,,,Laurent Brossoit_G
Linus Ullmark,G,,43.5,46,,,,,,39,,24.5,31.6,31,28,,32,26,22,,2.3,2.3,2.2,2.2,,2.2,2.6,2.6,,1202.7,1276.6,1288,,,1316,1259,1104,,0.922,0.925,0.936,0.927,,0.929,0.917,0.915,,1.6,1.56,,1,,2,3,2,2023-2024,,,2.4,1298.9,0.924,2.23,,,,,,,Linus Ullmark_G
Logan Thompson,G,,39,35,,,,,,42,,25.1,19.7,16,22,,19,18,25,,2.6,2.8,2.6,2.6,,2.7,2.8,2.7,,1086.9,1012.2,873,,,934,899,1179,,0.915,0.913,0.913,0.913,,0.915,0.91,0.908,,2,1.91,,2,,2,2,1,2023-2024,,,2.9,1361.9,0.911,2.13,,,,,,,Logan Thompson_G
Lukas Dostal,G,,,30,,,,,,38,,,11,8,,,5,6,14,,,3.4,3.3,,,3.1,3.3,3.3,,,960.1,809,,,399,555,1181,,,0.903,0.884,,,0.893,0.903,0.902,,,0.69,,,,1,,1,2023-2024,,,3.7,520,0.891,0.23,,,,,,,Lukas Dostal_G
Mackenzie Blackwood,G,,40.3,36,,,,,,41,,13.9,15.9,14,,,17,10,10,,3.2,3,3.2,,,3.1,3.1,3.5,,1108.1,972.3,1024,,,1252,884,1243,,0.895,0.899,0.891,,,0.905,0.904,0.899,,1.4,1.37,,,,2,1,2,2023-2024,,,3.1,962.5,0.898,1.6,,,,,,,Mackenzie Blackwood_G
Mads Sogaard,G,,,13,,,,,,5,,,6.3,5,,,2,,1,,,3.2,3.1,,,3.5,,4.1,,,359.7,332,,,114,,116,,,0.897,0.89,,,0.891,,0.859,,,0.3,,,,0,,0,2023-2024,,,,,,,,,,,,,Mads Sogaard_G
Marc-Andre Fleury,G,,39,38,,,,,,36,,19.8,21.3,17,19,,24,14,17,,2.8,2.6,2.8,2.7,,2.9,3.1,3,,1091.1,1038.2,928,,,1239,812,945,,0.911,0.912,0.906,0.913,,0.908,0.905,0.895,,2.8,3.02,,3,,2,1,2,2023-2024,,,2.8,1313.4,0.911,2.58,,,,,,,Marc-Andre Fleury_G
Martin Jones,G,,,10,,,,,,19,,,5.2,9,,,2,4,11,,,3.1,3.1,,,4.9,3.1,2.9,,,265.7,481,,,120,226,518,,,0.895,0.888,,,0.896,0.901,0.902,,,0.44,,,,1,,2,2023-2024,,,3.1,672.7,0.893,1.09,,,,,,,Martin Jones_G
Petr Mrazek,G,,38,40,,,,,,53,,15.6,16.3,14,17,,16,13,18,,3.5,3.1,3.2,3.2,,3.4,3.1,3.1,,1120.7,1107.1,1259,,,1117,1060,1564,,0.895,0.899,0.895,0.9,,0.897,0.9,0.907,,0.8,1.65,,1,,1,1,1,2023-2024,,,3.3,1558.1,0.896,1.42,,,,,,,Petr Mrazek_G
Pheonix Copley,G,,34,40,,,,,,8,,18,25,18,21,,19,22,4,,2.7,2.7,2.7,2.8,,2.7,2.9,3.2,,866.9,1022.3,901,,,959,1143,154,,0.903,0.903,0.906,0.904,,0.905,0.905,0.87,,1.1,1.37,,1,,1,2,1,2023-2024,,,2.8,1071,0.902,1.89,,,,,,,Pheonix Copley_G
Philipp Grubauer,G,,56.5,51,,,,,,34,,30.3,25.8,25,23,,24,24,14,,2.7,2.7,2.6,2.8,,2.7,2.8,2.9,,1390,1236.6,1304,,,1063,1260,846,,0.901,0.901,0.896,0.9,,0.9,0.905,0.899,,2.6,3.21,,1,,1,3,2,2023-2024,,,2.8,1480.8,0.901,2.53,,,,,,,Philipp Grubauer_G
Pyotr Kochetkov,G,,14,27,,,,,,40,,8.7,13.9,18,14,,8,13,23,,2.4,2.7,2.6,2.4,,2.5,2.8,2.3,,338.9,704.8,835,,,374,544,939,,0.909,0.907,0.89,0.908,,0.91,0.906,0.911,,2.2,3.25,,3,,2,1,4,2023-2024,,,2.7,643.4,0.909,2.47,,,,,,,Pyotr Kochetkov_G
Sam Montembeault,G,,10.6,40,,,,,,40,,3.7,15.7,16,,,14,12,16,,3.6,3.5,3.2,,,3.5,3,3.1,,329.4,1241.4,1269,,,1052,913,1180,,0.898,0.899,0.902,,,0.902,0.904,0.903,,0.1,0.79,,,,0,1,0,2023-2024,,,3.3,1310.3,0.901,1.2,,,,,,,Sam Montembeault_G
Samuel Ersson,G,,,15,,,,,,49,,,8.1,7,,,,,23,,,3.1,3.1,,,3.5,,2.8,,,427.2,405,,,68,,1072,,,0.902,0.902,,,0.907,,0.89,,,1,,,,0,,4,2023-2024,,,,,,,,,,,,,Samuel Ersson_G
Scott Wedgewood,G,,21,28,,,,,,28,,11.8,11.8,11,12,,11,10,16,,2.8,3.1,3,2.9,,3,2.8,2.9,,629.1,859.2,686,,,684,479,759,,0.915,0.909,0.926,0.905,,0.911,0.904,0.899,,1.5,1.69,,1,,1,1,0,2023-2024,,,3,815.3,0.907,1.22,,,,,,,Scott Wedgewood_G
Semyon Varlamov,G,,22,27,,,,,,27,,10.3,12.9,11,10,,12,9,14,,2.6,2.6,2.6,2.6,,2.9,3,2.6,,626.8,768.4,659,,,696,555,768,,0.916,0.916,0.912,0.917,,0.911,0.903,0.918,,2.4,3.03,,3,,2,1,3,2023-2024,,,2.8,802.3,0.909,1.92,,,,,,,Semyon Varlamov_G
Sergei Bobrovsky,G,,49.2,53,,,,,,58,,30.6,31.2,27,27,,28,30,36,,2.9,2.8,2.8,2.9,,3.1,2.9,2.4,,1373.5,1446.8,1314,,,1369,1491,1449,,0.906,0.906,0.904,0.905,,0.902,0.907,0.915,,1.6,1.69,,1,,2,2,6,2023-2024,,,2.9,1465,0.908,2.25,,,,,,,Sergei Bobrovsky_G
Stuart Skinner,G,,48,50,,,,,,57,,29.1,28.5,30,29,,26,30,36,,2.7,2.8,2.7,2.7,,2.7,2.7,2.6,,1380.3,1441.2,1410,,,1344,1344,1406,,0.913,0.912,0.913,0.913,,0.916,0.912,0.905,,1.4,1.72,,2,,2,3,2,2023-2024,,,2.9,1160.9,0.909,1.57,,,,,,,Stuart Skinner_G
Thatcher Demko,G,,56,54,,,,,,51,,30.3,26.4,30,24,,22,30,35,,2.9,2.9,2.7,2.9,,3.2,2.6,2.5,,1640.5,1572.7,1736,,,1724,1587,1369,,0.91,0.91,0.903,0.908,,0.913,0.915,0.918,,1.3,1.56,,1,,1,4,5,2023-2024,,,2.9,1649.7,0.911,2.07,,,,,,,Thatcher Demko_G
Tristan Jarry,G,,52.6,55,,,,,,48,,30.9,31.3,31,30,,28,29,19,,2.7,2.6,2.8,2.7,,2.8,2.6,2.9,,1487.8,1507,1609,,,1375,1515,1236,,0.913,0.912,0.912,0.912,,0.912,0.914,0.903,,3,3.01,,3,,3,4,6,2023-2024,,,2.8,1484.9,0.913,2.77,,,,,,,Tristan Jarry_G
Ukko-Pekka Luukkonen,G,,21,27,,,,,,51,,9.7,13.2,15,,,15,5,27,,3.5,3.3,3.1,,,3.4,3.1,2.6,,622,778.7,1027,,,830,338,1338,,0.895,0.898,0.889,,,0.897,0.9,0.91,,0,0.41,,,,0,,5,2023-2024,,,3.4,1511.7,0.899,0.98,,,,,,,Ukko-Pekka Luukkonen_G
Ville Husso,G,,56,50,,,,,,18,,27,26.5,25,25,,24,20,9,,3,2.9,2.9,2.8,,3,2.8,3.6,,1538.1,1356.8,1446,,,1253,1207,496,,0.903,0.903,0.897,0.907,,0.899,0.908,0.892,,3.8,3.21,,3,,3,3,0,2023-2024,,,3.1,1223.5,0.901,2.5,,,,,,,Ville Husso_G
Vitek Vanecek,G,,41,48,,,,,,29,,24.7,28.8,29,28,,32,27,17,,2.6,2.6,2.7,2.6,,2.6,2.7,3.2,,1048.7,1246.2,1365,,,1277,1253,767,,0.909,0.909,0.912,0.909,,0.91,0.91,0.89,,3,3.3,,3,,3,3,0,2023-2024,,,2.6,1577.6,0.91,4.38,,,,,,,Vitek Vanecek_G
Yaroslav Askarov,G,,,,,,,,,1,,,,,,,,,1,,,,,,,3.1,,1.5,,,,,,,26,,33,,,,,,,0.897,,0.943,,,,,,,0,,0,2023-2024,,,,,,,,,,,,,Yaroslav Askarov_G
Adin Hill,G,,43,40,45,,,44,,50,,24,22,24,23,,23,27,32,,2.7,2.63,2.73,2.63,,2.7,2.7,2.5,,1173.9,1053,1226,,,1211,1283,1172,,0.91,0.909,0.911,0.909,,0.91,0.909,0.906,,2.1,2,,2,,,3,4,2024-2025,,,,,,,,,,,,,Adin Hill_G
Akira Schmid,G,,,10,9,,,9,,3,,,5,4,,,3,,2,,,2.87,2.89,,,3.22,,1.3,,,273,238,,,266,,85,,,0.905,0.895,,,0.896,,0.944,,,0,,,,,,0,2024-2025,,,,,,,,,,,,,Akira Schmid_G
Alex Lyon,G,,21,30,30,,,13,,26,,10.1,15,12,15,,7,15,14,,3.01,2.96,2.97,2.97,,3.11,3,2.8,,608.8,849,851,,,350,957,631,,0.906,0.905,0.902,0.908,,0.895,0.905,0.896,,1.1,2,,1,,,2,1,2024-2025,,,,,,,,,,,,,Alex Lyon_G
Alex Nedeljkovic,G,,32,33,31,,,38,,35,,14,15,13,15,,16,15,14,,2.97,3.25,3.03,3.1,,3.07,3,3.1,,856.5,980,896,,,1059,841,942,,0.9,0.901,0.926,0.9,,0.902,0.902,0.894,,1.2,2,,1,,,1,1,2024-2025,,,,,,,,,,,,,Alex Nedeljkovic_G
Alexandar Georgiev,G,,62,53,55,,,59,,47,,37.4,32,31,35,,35,32,15,,2.81,2.83,2.8,2.78,,2.98,2.8,3.7,,1656.3,1419,1454,,,1573,1478,1152,,0.905,0.904,0.896,0.908,,0.902,0.907,0.875,,3.3,3,,3,,,3,0,2024-2025,,,,,,,,,,,,,Alexandar Georgiev_G
Andrei Vasilevskiy,G,,60,58,59,,,62,,63,,34.8,34,32,34,,36,34,38,,2.68,2.69,2.71,2.73,,2.64,2.7,2.2,,1603.5,1569,1583,,,1747,1643,1580,,0.909,0.91,0.902,0.909,,0.914,0.909,0.921,,2.8,3,,3,,,4,6,2024-2025,,,,,,,,,,,,,Andrei Vasilevskiy_G
Anthony Stolarz,G,,36,35,32,,,36,,33,,18.7,20,18,12,,23,23,21,,2.61,2.78,2.72,2.62,,1.47,2.7,2.1,,963.5,1033,922,,,615,971,884,,0.911,0.914,0.927,0.916,,0.921,0.909,0.926,,2.6,3,,1,,,2,4,2024-2025,,,,,,,,,,,,,Anthony Stolarz_G
Anton Forsberg,G,,29,30,28,,,29,,27,,13.4,15,14,16,,13,15,11,,2.9,2.93,2.93,3.13,,3.19,3.1,2.7,,766.6,838,768,,,808,882,692,,0.901,0.905,0.892,0.9,,0.896,0.9,0.901,,1.8,2,,1,,,1,3,2024-2025,,,,,,,,,,,,,Anton Forsberg_G
Arturs Silovs,G,,34,,21,,,22,,9,,16.6,,10,13,,10,12,2,,2.86,,2.95,2.97,,2.63,2.9,3.7,,864.7,,572,,,596,569,205,,0.899,,0.902,0.902,,0.907,0.9,0.861,,1.5,,,0,,,1,0,2024-2025,,,,,,,,,,,,,Arturs Silovs_G
Arvid Soderblom,G,,,7,,,,4,,33,,,2,,,,1,,10,,,3.58,,,,3.5,,3.2,,,200,,,,107,,976,,,0.889,,,,0.884,,0.898,,,0,,,,,,0,2024-2025,,,,,,,,,,,,,Arvid Soderblom_G
Calvin Pickard,G,,25,25,23,,,26,,31,,14.5,14,12,12,,16,15,22,,2.67,2.75,2.83,2.78,,2.68,2.9,2.7,,629.2,669,629,,,459,648,764,,0.904,0.907,0.906,0.906,,0.909,0.903,0.9,,1,1,,0,,,1,0,2024-2025,,,,,,,,,,,,,Calvin Pickard_G
Cam Talbot,G,,41,35,44,,,43,,43,,19.7,20,21,26,,23,19,21,,2.91,2.7,2.86,2.67,,2.92,2.9,2.9,,1192.6,944,1245,,,1282,1226,1166,,0.909,0.909,0.912,0.908,,0.911,0.905,0.9,,2.2,2,,2,,,2,2,2024-2025,,,,,,,,,,,,,Cam Talbot_G
Casey DeSmith,G,,25,28,25,,,28,,24,,11,13,13,13,,15,,14,,2.77,2.99,2.72,2.94,,2.95,,2.6,,638.2,789,655,,,761,,696,,0.902,0.904,0.897,0.902,,0.902,,0.915,,0.9,1,,1,,,,2,2024-2025,,,,,,,,,,,,,Casey DeSmith_G
Cayden Primeau,G,,37,33,29,,,33,,7,,14,13,10,11,,16,12,2,,3.21,3.12,3.28,3.12,,2.88,3.1,4.7,,1094,986,865,,,851,804,209,,0.902,0.905,0.912,0.902,,0.899,0.902,0.836,,1.3,2,,0,,,1,0,2024-2025,,,,,,,,,,,,,Cayden Primeau_G
Charlie Lindgren,G,,43,40,43,,,38,,38,,19.2,21,22,20,,16,22,20,,2.77,2.84,2.88,2.86,,2.97,2.8,2.7,,1174.8,1109,1177,,,1105,1245,881,,0.908,0.907,0.912,0.905,,0.907,0.907,0.894,,1.9,3,,3,,,2,1,2024-2025,,,,,,,,,,,,,Charlie Lindgren_G
Connor Hellebuyck,G,,64,63,64,,,58,,62,,36.6,34,36,35,,36,36,47,,2.38,2.6,2.56,2.56,,2.35,2.5,2,,1731.5,1788,1813,,,1548,1614,1539,,0.919,0.916,0.923,0.918,,0.919,0.917,0.925,,4.7,4,,4,,,5,8,2024-2025,,,,,,,,,,,,,Connor Hellebuyck_G
Connor Ingram,G,,48,45,48,,,41,,22,,23.8,19,20,22,,20,26,9,,2.92,2.97,3,2.94,,2.86,2.8,3.3,,1367,1297,1379,,,1131,1330,492,,0.907,0.907,0.908,0.907,,0.906,0.907,0.882,,2.7,4,,3,,,3,0,2024-2025,,,,,,,,,,,,,Connor Ingram_G
Daniel Vladar,G,,36,35,34,,,24,,29,,13.8,19,15,,,9,17,12,,3.01,3.16,3.09,,,3.5,3.1,2.8,,953,954,875,,,697,1105,727,,0.898,0.896,0.88,,,0.889,0.899,0.898,,0.6,1,,,,,1,2,2024-2025,,,,,,,,,,,,,Daniel Vladar_G
Daniil Tarasov,G,,46,35,32,,,40,,19,,16.9,13,11,17,,13,10,7,,3.23,3.17,3.16,3.04,,3.22,3.1,3.5,,1416.7,1039,987,,,1303,759,479,,0.905,0.904,0.91,0.9,,0.905,0.903,0.881,,0.4,1,,0,,,1,1,2024-2025,,,,,,,,,,,,,Daniil Tarasov_G
Darcy Kuemper,G,,50,40,50,,,46,,50,,25.5,20,27,25,,23,28,31,,2.63,2.82,2.7,2.91,,2.81,2.7,2,,1253.4,1112,1280,,,1200,1291,1166,,0.905,0.908,0.891,0.902,,0.903,0.906,0.921,,3.5,3,,3,,,3,5,2024-2025,,,,,,,,,,,,,Darcy Kuemper_G
David Rittich,G,,32,35,30,,,25,,31,,17.4,19,15,16,,12,14,16,,2.6,2.8,2.8,2.64,,2.3,2.7,2.8,,803.1,952,795,,,628,645,683,,0.906,0.907,0.919,0.907,,0.914,0.906,0.886,,2.4,2,,1,,,2,0,2024-2025,,,,,,,,,,,,,David Rittich_G
Devon Levi,G,,31,35,34,,,6,,8,,16.5,18,16,17,,4,16,2,,2.7,3.06,3.06,2.92,,2.83,3,4.1,,817.4,984,968,,,154,931,225,,0.907,0.902,0.9,0.904,,0.901,0.901,0.872,,1.2,1,,0,,,1,0,2024-2025,,,,,,,,,,,,,Devon Levi_G
Dustin Wolf,G,,45,42,46,,,52,,53,,21.1,20,20,24,,21,19,29,,2.74,3.09,2.96,2.93,,2.9,3,2.6,,1203.2,1153,1234,,,1449,1166,1409,,0.907,0.899,0.895,0.901,,0.904,0.903,0.91,,1.9,1,,1,,,2,3,2024-2025,,,,,,,,,,,,,Dustin Wolf_G
Elvis Merzlikins,G,,36,44,47,,,36,,52,,12.8,17,17,18,,12,18,26,,3.33,3.3,3.23,3.28,,3.55,3.2,3.2,,1105,1291,1427,,,1034,1396,1389,,0.902,0.899,0.898,0.895,,0.896,0.9,0.892,,1.1,1,,1,,,1,1,2024-2025,,,,,,,,,,,,,Elvis Merzlikins_G
Eric Comrie,G,,,20,19,,,6,,20,,,9,8,,,2,,9,,,3.09,3.11,,,2.95,,2.4,,,551,520,,,137,,500,,,0.899,0.881,,,0.884,,0.914,,,1,,,,,,2,2024-2025,,,,,,,,,,,,,Eric Comrie_G
Filip Gustavsson,G,,43,36,42,,,25,,58,,22,18,21,21,,12,26,31,,2.58,2.88,2.81,2.58,,2.8,2.5,2.6,,1149,1019,1175,,,669,1255,1546,,0.912,0.908,0.9,0.91,,0.904,0.908,0.914,,3.2,2,,3,,,4,5,2024-2025,,,,,,,,,,,,,Filip Gustavsson_G
Frederik Andersen,G,,37,43,39,,,36,,22,,22.7,29,23,20,,20,25,13,,2.15,2.3,2.36,2.28,,2.77,2.6,2.5,,858.2,1085,1023,,,1089,1067,491,,0.915,0.916,0.933,0.919,,0.917,0.909,0.899,,3.4,3,,2,,,3,1,2024-2025,,,,,,,,,,,,,Frederik Andersen_G
Igor Shesterkin,G,,55,56,54,,,55,,61,,33.4,36,34,36,,38,39,27,,2.39,2.44,2.44,2.43,,2.42,2.5,2.9,,1474.3,1542,1456,,,1497,1632,1584,,0.918,0.918,0.921,0.919,,0.918,0.915,0.905,,4,4,,4,,,5,6,2024-2025,,,,,,,,,,,,,Igor Shesterkin_G
Ilya Samsonov,G,,39,35,32,,,29,,29,,21.6,21,16,20,,16,16,16,,2.88,2.85,2.94,2.9,,2.89,2.8,2.8,,1057.7,909,851,,,739,798,670,,0.904,0.901,0.889,0.903,,0.901,0.905,0.891,,3.3,3,,3,,,2,2,2024-2025,,,,,,,,,,,,,Ilya Samsonov_G
Ilya Sorokin,G,,55,54,53,,,56,,60,,27.3,26,27,21,,28,31,30,,2.72,2.66,2.7,2.69,,2.53,2.5,2.7,,1629.8,1573,1545,,,1681,1442,1537,,0.916,0.916,0.91,0.916,,0.921,0.914,0.907,,4.1,4,,3,,,4,4,2024-2025,,,,,,,,,,,,,Ilya Sorokin_G
Ivan Fedotov,G,,36,,34,,,40,,24,,16.2,,15,13,,17,13,6,,2.71,,2.94,3.13,,3.04,3,3.2,,868.6,,917,,,1163,776,549,,0.899,,0.894,0.895,,0.903,0.895,0.88,,1.6,,,0,,,1,0,2024-2025,,,,,,,,,,,,,Ivan Fedotov_G
Jacob Markstrom,G,,54,56,50,,,51,,49,,30.9,32,28,28,,30,33,26,,2.85,2.61,2.78,2.67,,2.59,2.7,2.5,,1451.3,1428,1291,,,1358,1492,1092,,0.904,0.907,0.904,0.906,,0.911,0.911,0.9,,3.1,4,,3,,,3,4,2024-2025,,,,,,,,,,,,,Jacob Markstrom_G
Jake Allen,G,,28,25,28,,,28,,29,,16.6,9,11,,,12,13,13,,3.12,3.28,3.14,,,3.13,2.9,2.7,,745,724,775,,,835,650,742,,0.895,0.898,0.905,,,0.905,0.903,0.906,,0.5,1,,,,,1,4,2024-2025,,,,,,,,,,,,,Jake Allen_G
Jake Oettinger,G,,57,54,54,,,54,,58,,36,34,33,34,,35,37,36,,2.49,2.55,2.61,2.58,,2.68,2.6,2.6,,1471.1,1416,1448,,,1425,1571,1464,,0.912,0.911,0.907,0.911,,0.911,0.911,0.909,,3.5,3,,3,,,4,2,2024-2025,,,,,,,,,,,,,Jake Oettinger_G
James Reimer,G,,,15,18,,,23,,21,,,6,7,,,9,,10,,,3.18,3.22,,,3.23,,3,,,442,519,,,802,,594,,,0.903,0.906,,,0.901,,0.896,,,1,,,,,,1,2024-2025,,,,,,,,,,,,,James Reimer_G
Jeremy Swayman,G,,55,50,54,,,53,,58,,33,30,30,26,,33,32,22,,2.5,2.51,2.54,2.43,,2.5,2.6,3.1,,1516.2,1347,1499,,,1466,1465,1456,,0.917,0.915,0.915,0.915,,0.917,0.913,0.892,,4.6,4,,4,,,4,4,2024-2025,,,,,,,,,,,,,Jeremy Swayman_G
Joel Hofer,G,,32,38,32,,,28,,28,,16.5,20,15,18,,11,12,16,,2.86,2.76,2.69,2.71,,2.63,3,2.6,,924.9,1055,923,,,597,749,693,,0.91,0.909,0.914,0.911,,0.911,0.905,0.904,,1,1,,1,,,1,1,2024-2025,,,,,,,,,,,,,Joel Hofer_G
Joey Daccord,G,,41,48,47,,,41,,55,,19.2,21,23,22,,15,23,27,,2.67,2.62,2.62,2.67,,2.58,2.7,2.8,,1068.4,1310,1257,,,1039,1186,1448,,0.907,0.913,0.917,0.911,,0.907,0.908,0.906,,2.4,3,,2,,,3,2,2024-2025,,,,,,,,,,,,,Joey Daccord_G
John Gibson,G,,41,42,39,,,47,,28,,15.1,14,12,17,,19,17,11,,3.38,3.36,3.31,3.57,,3.56,3.2,2.8,,1184.5,1241,1159,,,1414,1266,739,,0.895,0.898,0.887,0.895,,0.899,0.9,0.911,,0.4,1,,0,,,1,0,2024-2025,,,,,,,,,,,,,John Gibson_G
Jonas Johansson,G,,22,18,19,,,19,,18,,10.8,9,10,,,9,10,9,,3.29,3.42,3.16,,,3.3,3.1,3.1,,574.4,501,524,,,524,541,496,,0.888,0.89,0.888,,,0.891,0.898,0.895,,1.5,1,,,,,1,1,2024-2025,,,,,,,,,,,,,Jonas Johansson_G
Jonathan Quick,G,,27,28,26,,,26,,20,,13,15,14,13,,13,11,11,,2.92,2.86,2.81,2.81,,3.32,3,3.2,,709.6,741,710,,,781,529,587,,0.9,0.903,0.911,0.906,,0.9,0.899,0.893,,1.6,2,,1,,,1,3,2024-2025,,,,,,,,,,,,,Jonathan Quick_G
Joonas Korpisalo,G,,27,30,27,,,29,,24,,11.2,14,13,16,,17,13,11,,3.06,3.33,3.07,3.09,,3.15,3,2.9,,729.3,864,724,,,874,696,619,,0.898,0.896,0.888,0.893,,0.904,0.901,0.893,,0.2,0,,0,,,1,3,2024-2025,,,,,,,,,,,,,Joonas Korpisalo_G
Jordan Binnington,G,,50,52,50,,,54,,54,,22.8,25,24,25,,26,25,28,,2.92,2.99,2.96,3.03,,2.93,3,2.7,,1441.9,1473,1466,,,1566,1558,1312,,0.908,0.904,0.914,0.902,,0.909,0.907,0.9,,2.4,3,,2,,,3,3,2024-2025,,,,,,,,,,,,,Jordan Binnington_G
Joseph Woll,G,,46,40,46,,,45,,41,,27.4,22,27,29,,26,29,27,,2.61,2.94,2.85,2.7,,2.98,2.7,2.7,,1231.2,1167,1299,,,1302,1200,1105,,0.911,0.908,0.909,0.914,,0.907,0.91,0.909,,1.5,1,,2,,,3,1,2024-2025,,,,,,,,,,,,,Joseph Woll_G
Justus Annunen,G,,20,30,25,,,23,,29,,11.5,17,13,15,,15,15,15,,2.77,2.72,2.8,2.43,,2.65,2.9,3.2,,535.2,876,701,,,752,710,719,,0.906,0.915,0.882,0.918,,0.915,0.905,0.883,,1.3,3,,1,,,1,0,2024-2025,,,,,,,,,,,,,Justus Annunen_G
Juuse Saros,G,,64,64,61,,,58,,58,,35.3,35,34,34,,37,37,20,,2.64,2.69,2.77,2.77,,2.67,2.6,3,,1775.7,1802,1741,,,1646,1673,1425,,0.913,0.913,0.921,0.912,,0.914,0.914,0.895,,2.9,3,,3,,,4,4,2024-2025,,,,,,,,,,,,,Juuse Saros_G
Kaapo Kahkonen,G,,18,37,24,,,18,,1,,7.2,12,10,,,7,9,0,,2.97,3.27,3.13,,,3.18,3,4.1,,476.4,1077,684,,,1016,527,16,,0.899,0.899,0.927,,,0.898,0.898,0.8,,0.5,1,,,,,1,0,2024-2025,,,,,,,,,,,,,Kaapo Kahkonen_G
Karel Vejmelka,G,,34,35,33,,,40,,55,,15.1,13,13,15,,18,16,26,,3.2,3.37,3.24,3.39,,3.18,3,2.6,,958.7,1047,993,,,1107,880,1362,,0.898,0.899,0.893,0.897,,0.896,0.901,0.904,,1.4,1,,1,,,1,1,2024-2025,,,,,,,,,,,,,Karel Vejmelka_G
Linus Ullmark,G,,53,52,53,,,49,,43,,29.3,34,30,26,,24,26,25,,2.41,2.42,2.55,2.67,,2.98,2.7,2.7,,1427.5,1451,1498,,,1474,1341,1117,,0.918,0.92,0.914,0.915,,0.909,0.913,0.909,,2.3,2,,2,,,3,4,2024-2025,,,,,,,,,,,,,Linus Ullmark_G
Logan Thompson,G,,39,45,37,,,40,,42,,18.5,26,19,21,,18,16,31,,2.68,2.81,2.76,2.68,,2.84,2.9,2.5,,1069.1,1283,1006,,,1169,965,1067,,0.911,0.91,0.907,0.911,,0.91,0.904,0.91,,1.4,2,,1,,,2,2,2024-2025,,,,,,,,,,,,,Logan Thompson_G
Lukas Dostal,G,,41,37,42,,,35,,49,,16,14,15,,,12,14,23,,3.18,3.36,3.26,,,2.82,3.1,3.1,,1192.9,1147,1276,,,988,1039,1467,,0.902,0.902,0.904,,,0.901,0.904,0.903,,0.8,1,,,,,1,1,2024-2025,,,,,,,,,,,,,Lukas Dostal_G
Mackenzie Blackwood,G,,41,34,33,,,14,,53,,12,12,10,13,,3,10,28,,3.59,3.23,3.21,3.38,,3.89,3.2,2.6,,1279.3,967,971,,,448,884,1412,,0.897,0.898,0.901,0.896,,0.882,0.903,0.912,,1.8,2,,1,,,1,4,2024-2025,,,,,,,,,,,,,Mackenzie Blackwood_G
Marc-Andre Fleury,G,,39,44,40,,,27,,22,,20.6,22,19,20,,13,15,14,,2.9,2.91,2.83,2.92,,3.13,2.7,2.9,,1029.6,1205,1110,,,1052,757,602,,0.901,0.904,0.896,0.901,,0.899,0.903,0.899,,1.8,3,,2,,,2,1,2024-2025,,,,,,,,,,,,,Marc-Andre Fleury_G
Nicolas Daws,G,,,10,9,,,3,,4,,,5,4,,,2,,3,,,2.92,2.89,,,2.67,,1.6,,,257,232,,,85,,107,,,0.898,0.896,,,0.914,,0.939,,,0,,,,,,1,2024-2025,,,,,,,,,,,,,Nicolas Daws_G
Petr Mrazek,G,,45,45,48,,,40,,38,,17.1,17,16,18,,14,16,12,,3.03,3.13,3.19,3.35,,4.19,2.9,3.4,,1327.7,1293,1451,,,1377,1111,950,,0.907,0.902,0.908,0.899,,0.899,0.905,0.891,,0.5,1,,0,,,2,1,2024-2025,,,,,,,,,,,,,Petr Mrazek_G
Philipp Grubauer,G,,41,36,33,,,41,,26,,20.1,15,15,15,,16,16,8,,3.01,2.88,2.91,2.92,,2.77,2.9,3.5,,1054.5,891,838,,,1073,916,596,,0.895,0.896,0.897,0.897,,0.904,0.902,0.875,,1.5,1,,1,,,2,0,2024-2025,,,,,,,,,,,,,Philipp Grubauer_G
Pyotr Kochetkov,G,,45,38,43,,,42,,47,,23.5,21,25,28,,24,25,27,,2.28,2.48,2.44,2.37,,2.57,2.7,2.6,,1038.3,938,1099,,,1159,1065,1051,,0.91,0.909,0.91,0.91,,0.914,0.907,0.897,,5.3,4,,3,,,3,2,2024-2025,,,,,,,,,,,,,Pyotr Kochetkov_G
Sam Montembeault,G,,45,42,50,,,49,,60,,18.2,16,18,20,,23,22,31,,3.28,3.31,3.2,3.17,,3.16,3.1,2.8,,1327.6,1281,1511,,,1444,1422,1513,,0.9,0.902,0.899,0.902,,0.903,0.902,0.901,,0.2,1,,0,,,2,4,2024-2025,,,,,,,,,,,,,Sam Montembeault_G
Samuel Ersson,G,,46,40,45,,,38,,45,,20.7,20,21,24,,18,23,22,,2.9,2.67,2.93,2.95,,2.96,2.9,3.1,,1101.3,960,1124,,,1002,1248,1026,,0.892,0.9,0.89,0.902,,0.901,0.9,0.883,,3.1,3,,2,,,2,2,2024-2025,,,,,,,,,,,,,Samuel Ersson_G
Scott Wedgewood,G,,18,20,19,,,24,,22,,10.6,10,9,9,,12,10,14,,2.86,3.09,3.05,2.89,,2.8,3,2.3,,495.6,599,561,,,659,544,525,,0.906,0.906,0.898,0.906,,0.906,0.9,0.908,,0.3,1,,0,,,1,2,2024-2025,,,,,,,,,,,,,Scott Wedgewood_G
Semyon Varlamov,G,,27,30,26,,,26,,10,,12.5,14,12,20,,13,14,3,,2.75,2.77,2.81,2.7,,2.87,2.7,2.9,,799.2,868,761,,,758,690,233,,0.915,0.912,0.92,0.915,,0.91,0.909,0.889,,2.6,3,,2,,,2,0,2024-2025,,,,,,,,,,,,,Semyon Varlamov_G
Sergei Bobrovsky,G,,53,55,58,,,49,,54,,32.6,33,35,33,,31,35,33,,2.48,2.6,2.57,2.62,,2.59,2.6,2.4,,1327.3,1445,1538,,,1345,1446,1245,,0.91,0.91,0.917,0.911,,0.913,0.909,0.905,,3.9,4,,4,,,4,5,2024-2025,,,,,,,,,,,,,Sergei Bobrovsky_G
Spencer Knight,G,,29,25,24,,,25,,36,,16,14,13,13,,15,13,17,,2.61,3.03,2.75,2.76,,2.63,2.8,2.7,,722.3,727,654,,,674,563,910,,0.905,0.906,0.903,0.903,,0.91,0.901,0.901,,1.7,2,,1,,,1,2,2024-2025,,,,,,,,,,,,,Spencer Knight_G
Spencer Martin,G,,,10,9,,,4,,7,,,5,4,,,3,,3,,,3.39,3.22,,,3.24,,3.9,,,285,250,,,102,,148,,,0.894,0.887,,,0.887,,0.846,,,0,,,,,,1,2024-2025,,,,,,,,,,,,,Spencer Martin_G
Stuart Skinner,G,,57,52,53,,,56,,50,,34.8,31,32,34,,34,37,26,,2.53,2.68,2.72,2.68,,2.72,2.7,2.8,,1442.5,1385,1439,,,1430,1522,1187,,0.909,0.908,0.907,0.909,,0.907,0.909,0.896,,1.9,2,,2,,,3,3,2024-2025,,,,,,,,,,,,,Stuart Skinner_G
Thatcher Demko,G,,48,50,52,,,58,,23,,27,29,29,23,,34,35,10,,2.46,2.69,2.63,2.7,,2.68,2.6,2.9,,1239.8,1404,1463,,,1583,1467,506,,0.913,0.912,0.916,0.913,,0.912,0.911,0.889,,3.1,3,,3,,,4,1,2024-2025,,,,,,,,,,,,,Thatcher Demko_G
Tristan Jarry,G,,50,52,53,,,44,,35,,25.6,26,25,24,,22,25,16,,2.72,2.68,2.74,2.78,,2.96,2.9,3.1,,1350.9,1407,1471,,,1211,1354,865,,0.908,0.91,0.905,0.909,,0.901,0.908,0.892,,4.6,4,,4,,,3,2,2024-2025,,,,,,,,,,,,,Tristan Jarry_G
Ukko-Pekka Luukkonen,G,,51,42,49,,,53,,55,,23.8,21,23,25,,27,22,24,,2.59,2.86,2.9,2.87,,2.63,3,3.2,,1350.6,1148,1367,,,1314,1263,1320,,0.911,0.905,0.908,0.907,,0.906,0.903,0.887,,3.4,3,,2,,,2,2,2024-2025,,,,,,,,,,,,,Ukko-Pekka Luukkonen_G
Ville Husso,G,,20,30,30,,,26,,11,,10.7,16,16,,,14,,2,,3.2,2.93,2.93,,,3.28,,3.5,,576,826,797,,,701,,299,,0.9,0.904,0.891,,,0.898,,0.89,,1,2,,,,,,0,2024-2025,,,,,,,,,,,,,Ville Husso_G
Vitek Vanecek,G,,,40,46,,,23,,24,,,23,20,13,,8,,5,,,2.8,3.02,3.37,,3.45,,3.6,,,1047,1263,,,598,,640,,,0.903,0.888,0.899,,0.883,,0.884,,,2,,1,,,,1,2024-2025,,,,,,,,,,,,,Vitek Vanecek_G
Yaroslav Askarov,G,,41,,39,,,45,,12,,13.9,,13,12,,17,16,4,,3.37,,3.15,2.89,,2.78,3.1,3.1,,1288,,1197,,,1248,1328,320,,0.903,,0.927,0.901,,0.906,0.904,0.896,,2,,,1,,,1,0,2024-2025,,,,,,,,,,,,,Yaroslav Askarov_G
Adin Hill,G,,50,,,,,52,,,,31.3,27,28,28,,31,32,,,2.58,2.52,2.51,2.54,,2.79,2.6,,,1271.3,1118,1218,,,1420,1374,,,0.908,0.908,0.906,0.909,,0.907,0.9,,,3.3,3,,3,,,4,,2025-2026,,,,,,,,,,,,,Adin Hill_G
Akira Schmid,G,,32,,,,,30,,,,17.6,15,12,11,,18,14,,,2.72,2.82,2.69,2.48,,2.71,2.8,,,809.2,818,668,,,803,606,,,0.903,0.906,0.903,0.911,,0.907,0.9,,,0.6,1,,0,,,1,,2025-2026,,,,,,,,,,,,,Akira Schmid_G
Alex Lyon,G,,34,,,,,9,,,,16.3,9,12,12,,4,15,,,2.89,2.9,2.92,2.94,,3.32,2.9,,,904.2,485,654,,,250,795,,,0.902,0.903,0.898,0.903,,0.89,0.9,,,1.6,1,,1,,,2,,2025-2026,,,,,,,,,,,,,Alex Lyon_G
Alex Nedeljkovic,G,,38,,,,,33,,,,12.9,15,11,15,,11,12,,,3.36,3.17,3.18,3.05,,3.55,3.1,,,1110.4,890,950,,,900,898,,,0.897,0.898,0.892,0.898,,0.887,0.901,,,1,1,,1,,,1,,2025-2026,,,,,,,,,,,,,Alex Nedeljkovic_G
Andrei Vasilevskiy,G,,62,,,,,61,,,,37.2,35,34,35,,37,37,,,2.49,2.52,2.47,2.56,,2.39,2.5,,,1642.4,1579,1589,,,1552,1564,,,0.914,0.913,0.919,0.913,,0.914,0.913,,,4.6,4,,4,,,5,,2025-2026,,,,,,,,,,,,,Andrei Vasilevskiy_G
Anthony Stolarz,G,,45,,,,,42,,,,25.6,24,26,22,,26,24,,,2.28,2.55,2.41,2.67,,2.45,2.5,,,1212.2,1141,1195,,,1054,1115,,,0.922,0.916,0.925,0.913,,0.911,0.914,,,4.6,3,,3,,,3,,2025-2026,,,,,,,,,,,,,Anthony Stolarz_G
Anton Forsberg,G,,27,,,,,29,,,,14,13,14,14,,16,14,,,2.54,2.95,2.69,2.8,,2.75,2.9,,,646.1,739,741,,,773,699,,,0.904,0.899,0.903,0.9,,0.905,0.9,,,2.6,2,,1,,,1,,2025-2026,,,,,,,,,,,,,Anton Forsberg_G
Arturs Silovs,G,,37,,,,,24,,,,14.4,12,10,17,,9,13,,,3.06,2.88,3.29,2.88,,3.25,3.1,,,1008,797,845,,,668,869,,,0.899,0.902,0.881,0.901,,0.894,0.897,,,1.5,2,,1,,,1,,2025-2026,,,,,,,,,,,,,Arturs Silovs_G
Arvid Soderblom,G,,29,,,,,29,,,,8.3,6,8,10,,8,11,,,3.47,3.43,3,3.38,,3.31,3.2,,,822.3,577,901,,,846,825,,,0.891,0.894,0.897,0.893,,0.894,0.897,,,0,0,,0,,,1,,2025-2026,,,,,,,,,,,,,Arvid Soderblom_G
Calvin Pickard,G,,30,,,,,39,,,,18.1,19,14,17,,24,,,,2.73,2.74,2.59,2.61,,2.79,,,,754.7,761,685,,,1018,,,,0.902,0.903,0.899,0.903,,0.904,,,,0.4,1,,0,,,,,2025-2026,,,,,,,,,,,,,Calvin Pickard_G
Cam Talbot,G,,37,,,,,33,,,,16.8,19,16,17,,16,18,,,2.83,2.82,2.75,2.76,,3.2,2.8,,,996.1,1010,953,,,907,1023,,,0.905,0.904,0.916,0.905,,0.894,0.906,,,1.7,2,,2,,,2,,2025-2026,,,,,,,,,,,,,Cam Talbot_G
Casey DeSmith,G,,24,,,,,24,,,,12,11,10,13,,13,11,,,2.59,2.97,2.81,2.84,,2.83,2.8,,,628.3,623,564,,,727,523,,,0.91,0.905,0.885,0.907,,0.91,0.902,,,1.2,1,,1,,,1,,2025-2026,,,,,,,,,,,,,Casey DeSmith_G
Charlie Lindgren,G,,37,,,,,35,,,,17.4,20,17,19,,18,15,,,2.8,2.83,2.76,2.78,,2.91,2.9,,,954.8,990,883,,,948,802,,,0.902,0.902,0.897,0.903,,0.902,0.903,,,2.3,2,,2,,,2,,2025-2026,,,,,,,,,,,,,Charlie Lindgren_G
Connor Hellebuyck,G,,62,,,,,62,,,,39.1,40,39,37,,43,34,,,2.18,2.31,2.25,2.29,,2.26,2.3,,,1621,1651,1741,,,1681,1576,,,0.923,0.92,0.923,0.922,,0.924,0.918,,,6.3,6,,5,,,6,,2025-2026,,,,,,,,,,,,,Connor Hellebuyck_G
Daniel Vladar,G,,35,,,,,38,,,,14.6,12,11,20,,17,11,,,2.94,3.03,2.88,2.87,,3.26,3,,,858.7,646,676,,,1076,624,,,0.893,0.895,0.916,0.897,,0.898,0.898,,,1.4,1,,1,,,1,,2025-2026,,,,,,,,,,,,,Daniel Vladar_G
Daniil Tarasov,G,,28,,,,,30,,,,15.7,11,11,12,,18,14,,,2.61,3.23,3.08,2.84,,2.71,2.9,,,695.1,780,680,,,763,637,,,0.905,0.896,0.883,0.902,,0.901,0.899,,,0.5,1,,0,,,1,,2025-2026,,,,,,,,,,,,,Daniil Tarasov_G
Darcy Kuemper,G,,55,,,,,50,,,,30.6,26,27,25,,31,28,,,2.25,2.58,2.4,2.66,,2.51,2.6,,,1332.1,1335,1334,,,1261,1360,,,0.915,0.909,0.923,0.908,,0.907,0.91,,,4.6,4,,3,,,4,,2025-2026,,,,,,,,,,,,,Darcy Kuemper_G
David Rittich,G,,22,,,,,1,,,,10,11,12,13,,,11,,,3.07,2.71,2.8,2.78,,3.33,2.9,,,594.3,487,639,,,53,660,,,0.898,0.9,0.908,0.901,,0.898,0.901,,,0.8,1,,1,,,1,,2025-2026,,,,,,,,,,,,,David Rittich_G
Dustin Wolf,G,,56,,,,,59,,,,28.7,26,26,30,,30,24,,,2.57,2.76,2.65,2.63,,2.75,2.7,,,1452.6,1330,1436,,,1565,1536,,,0.91,0.906,0.908,0.908,,0.905,0.908,,,2.7,2,,2,,,4,,2025-2026,,,,,,,,,,,,,Dustin Wolf_G
Elvis Merzlikins,G,,40,,,,,38,,,,17.1,18,21,14,,19,19,,,3.45,3.32,3.17,3.4,,3.21,3,,,1141,1207,1336,,,1013,1074,,,0.892,0.892,0.891,0.893,,0.891,0.9,,,0.8,1,,1,,,2,,2025-2026,,,,,,,,,,,,,Elvis Merzlikins_G
Eric Comrie,G,,20,,,,,20,,,,7.2,11,9,9,,7,10,,,2.69,2.89,2.74,2.99,,2.37,2.9,,,512.7,618,500,,,494,515,,,0.905,0.899,0.916,0.902,,0.903,0.9,,,1.4,2,,1,,,1,,2025-2026,,,,,,,,,,,,,Eric Comrie_G
Filip Gustavsson,G,,52,,,,,53,,,,29,26,27,27,,30,29,,,2.6,2.6,2.62,2.59,,2.94,2.6,,,1399.5,1336,1415,,,1457,1421,,,0.912,0.913,0.915,0.914,,0.904,0.909,,,4.3,4,,4,,,4,,2025-2026,,,,,,,,,,,,,Filip Gustavsson_G
Frederik Andersen,G,,39,,,,,31,,,,25.7,26,28,23,,19,17,,,2.31,2.46,2.4,2.35,,2.57,2.7,,,889.8,999,1151,,,747,778,,,0.908,0.906,0.897,0.909,,0.904,0.905,,,2.9,3,,2,,,2,,2025-2026,,,,,,,,,,,,,Frederik Andersen_G
Igor Shesterkin,G,,58,,,,,61,,,,31.8,33,29,31,,28,34,,,2.68,2.64,2.6,2.34,,2.64,2.7,,,1550.1,1564,1568,,,1622,1676,,,0.909,0.909,0.903,0.911,,0.91,0.912,,,4.8,4,,4,,,4,,2025-2026,,,,,,,,,,,,,Igor Shesterkin_G
Ilya Sorokin,G,,60,,,,,56,,,,27.2,29,28,29,,26,26,,,2.68,2.67,2.6,2.68,,2.65,2.7,,,1644.2,1623,1572,,,1472,1466,,,0.911,0.912,0.909,0.913,,0.91,0.91,,,3.8,4,,4,,,4,,2025-2026,,,,,,,,,,,,,Ilya Sorokin_G
Jake Oettinger,G,,58,,,,,58,,,,36.8,36,35,35,,36,35,,,2.53,2.54,2.54,2.55,,2.48,2.6,,,1521.8,1497,1544,,,1464,1582,,,0.912,0.91,0.91,0.911,,0.911,0.909,,,2.9,3,,3,,,4,,2025-2026,,,,,,,,,,,,,Jake Oettinger_G
Jakub Dobes,G,,25,,,,,24,,,,10.6,16,11,13,,10,10,,,3.11,2.72,2.79,2.94,,2.87,2.9,,,692.6,854,643,,,644,543,,,0.899,0.905,0.91,0.905,,0.902,0.903,,,1.7,2,,1,,,1,,2025-2026,,,,,,,,,,,,,Jakub Dobes_G
Jeremy Swayman,G,,55,,,,,53,,,,23.4,24,24,27,,24,26,,,2.83,2.75,2.64,2.63,,2.82,2.8,,,1443.1,1252,1439,,,1365,1512,,,0.903,0.905,0.894,0.908,,0.903,0.908,,,4.1,4,,4,,,3,,2025-2026,,,,,,,,,,,,,Jeremy Swayman_G
Jesper Wallstedt,G,,30,,,,,27,,,,14.2,16,10,14,,16,,,,2.89,2.88,2.82,3,,2.97,,,,798.6,796,589,,,695,,,,0.902,0.902,0.916,0.898,,0.894,,,,1.1,2,,0,,,,,2025-2026,,,,,,,,,,,,,Jesper Wallstedt_G
Jet Greaves,G,,42,,,,,44,,,,20.7,19,15,22,,23,17,,,2.91,2.85,2.75,2.87,,2.81,2.7,,,1220.9,999,906,,,1166,949,,,0.909,0.909,0.89,0.911,,0.904,0.908,,,4,3,,3,,,2,,2025-2026,,,,,,,,,,,,,Jet Greaves_G
Joel Hofer,G,,26,,,,,26,,,,14.7,16,14,15,,14,13,,,2.73,2.71,2.5,2.65,,2.77,2.8,,,693.3,787,719,,,694,680,,,0.907,0.906,0.902,0.908,,0.902,0.905,,,0.9,1,,1,,,2,,2025-2026,,,,,,,,,,,,,Joel Hofer_G
Joey Daccord,G,,55,,,,,51,,,,24.9,23,23,25,,26,23,,,2.57,2.69,2.6,2.61,,2.95,2.8,,,1409.4,1275,1254,,,1401,1498,,,0.909,0.908,0.908,0.911,,0.902,0.909,,,2.5,2,,3,,,3,,2025-2026,,,,,,,,,,,,,Joey Daccord_G
John Gibson,G,,45,,,,,41,,,,20.9,15,17,20,,20,20,,,2.68,3.27,2.93,2.94,,2.93,2.9,,,1218.1,1259,1223,,,1139,1126,,,0.91,0.9,0.921,0.9,,0.903,0.903,,,2.1,1,,1,,,2,,2025-2026,,,,,,,,,,,,,John Gibson_G
Jonas Johansson,G,,20,,,,,20,,,,10.4,10,8,11,,9,12,,,3.07,3.16,3.06,3.18,,2.89,3,,,518.2,542,446,,,516,512,,,0.894,0.896,0.881,0.893,,0.894,0.897,,,1.3,1,,1,,,1,,2025-2026,,,,,,,,,,,,,Jonas Johansson_G
Jonathan Quick,G,,24,,,,,21,,,,12.7,13,9,13,,7,10,,,3.06,3.19,3.05,2.89,,3.01,3,,,632.2,683,504,,,532,545,,,0.896,0.895,0.892,0.902,,0.893,0.9,,,2.4,2,,1,,,1,,2025-2026,,,,,,,,,,,,,Jonathan Quick_G
Joonas Korpisalo,G,,27,,,,,29,,,,11.2,15,10,12,,11,11,,,3.03,3.08,3.08,3.22,,3.01,3.1,,,703.1,883,704,,,778,672,,,0.896,0.899,0.892,0.895,,0.895,0.897,,,1.3,1,,1,,,1,,2025-2026,,,,,,,,,,,,,Joonas Korpisalo_G
Jordan Binnington,G,,56,,,,,56,,,,27.7,27,28,28,,30,27,,,2.85,2.9,2.76,2.89,,2.89,2.7,,,1486.7,1467,1432,,,1462,1414,,,0.903,0.902,0.901,0.903,,0.902,0.907,,,2.8,3,,2,,,4,,2025-2026,,,,,,,,,,,,,Jordan Binnington_G
Joseph Woll,G,,37,,,,,40,,,,20.8,25,22,21,,21,21,,,2.66,2.78,2.59,2.84,,2.65,2.7,,,982.6,1135,1019,,,1015,1001,,,0.909,0.909,0.91,0.908,,0.905,0.906,,,0.6,1,,2,,,2,,2025-2026,,,,,,,,,,,,,Joseph Woll_G
Justus Annunen,G,,20,,,,,22,,,,8.6,12,9,12,,9,8,,,3.13,3.01,2.9,2.89,,3.07,3.1,,,533.6,577,510,,,603,550,,,0.895,0.897,0.885,0.898,,0.889,0.898,,,1.5,1,,1,,,1,,2025-2026,,,,,,,,,,,,,Justus Annunen_G
Juuse Saros,G,,62,,,,,60,,,,31.6,28,27,29,,24,28,,,2.86,2.78,2.75,2.88,,2.87,2.8,,,1670.8,1639,1628,,,1622,1687,,,0.904,0.906,0.897,0.907,,0.906,0.908,,,3.4,3,,3,,,3,,2025-2026,,,,,,,,,,,,,Juuse Saros_G
Karel Vejmelka,G,,55,,,,,45,,,,28.7,21,25,22,,22,26,,,2.96,3.02,2.83,2.87,,2.86,2.8,,,1482.8,1344,1378,,,1227,1390,,,0.901,0.901,0.903,0.902,,0.904,0.904,,,1.6,2,,2,,,3,,2025-2026,,,,,,,,,,,,,Karel Vejmelka_G
Kevin Lankinen,G,,34,,,,,29,,,,15.3,20,16,19,,10,15,,,2.63,2.8,2.71,2.67,,3.27,2.9,,,852.5,1018,796,,,822,814,,,0.905,0.905,0.904,0.909,,0.897,0.903,,,2.3,2,,2,,,1,,2025-2026,,,,,,,,,,,,,Kevin Lankinen_G
Leevi Merilainen,G,,38,,,,,31,,,,18.7,18,14,16,,17,14,,,2.77,2.46,2.59,2.5,,2.7,2.8,,,1004,751,697,,,833,737,,,0.905,0.91,0.916,0.909,,0.907,0.904,,,2.7,4,,2,,,2,,2025-2026,,,,,,,,,,,,,Leevi Merilainen_G
Linus Ullmark,G,,44,,,,,46,,,,25.8,31,30,29,,26,27,,,2.57,2.44,2.48,2.57,,2.59,2.6,,,1171.5,1309,1405,,,1148,1379,,,0.912,0.918,0.911,0.916,,0.906,0.911,,,3.1,3,,3,,,4,,2025-2026,,,,,,,,,,,,,Linus Ullmark_G
Logan Thompson,G,,45,,,,,46,,,,26.8,28,26,28,,29,25,,,2.57,2.67,2.58,2.61,,2.32,2.7,,,1171.6,1216,1288,,,1079,1327,,,0.91,0.91,0.912,0.911,,0.909,0.907,,,1.8,2,,2,,,3,,2025-2026,,,,,,,,,,,,,Logan Thompson_G
Lukas Dostal,G,,50,,,,,49,,,,24.7,20,20,20,,23,25,,,3.25,3.29,3,3.09,,2.98,2.9,,,1498.4,1459,1375,,,1353,1545,,,0.902,0.902,0.904,0.903,,0.901,0.905,,,0.9,1,,1,,,3,,2025-2026,,,,,,,,,,,,,Lukas Dostal_G
Mackenzie Blackwood,G,,56,,,,,55,,,,34.8,22,28,31,,34,34,,,2.56,2.88,2.69,2.7,,2.61,2.7,,,1412.5,1312,1397,,,1477,1463,,,0.908,0.905,0.911,0.909,,0.911,0.907,,,3.4,3,,3,,,4,,2025-2026,,,,,,,,,,,,,Mackenzie Blackwood_G
Philipp Grubauer,G,,27,,,,,31,,,,10.3,15,13,11,,11,10,,,3.1,2.92,2.94,2.97,,3.18,3.2,,,677.4,844,777,,,846,656,,,0.89,0.892,0.873,0.894,,0.895,0.897,,,0.6,1,,1,,,1,,2025-2026,,,,,,,,,,,,,Philipp Grubauer_G
Pyotr Kochetkov,G,,43,,,,,43,,,,24.9,21,20,26,,27,26,,,2.44,2.53,2.56,2.37,,2.59,2.7,,,975.7,899,929,,,1112,1165,,,0.903,0.903,0.893,0.907,,0.909,0.904,,,3.2,3,,4,,,3,,2025-2026,,,,,,,,,,,,,Pyotr Kochetkov_G
Sam Montembeault,G,,57,,,,,44,,,,28.5,23,26,23,,25,30,,,3.02,3,3,3.11,,2.86,2.9,,,1584.4,1348,1480,,,1206,1577,,,0.902,0.902,0.9,0.901,,0.902,0.904,,,3.7,2,,1,,,3,,2025-2026,,,,,,,,,,,,,Sam Montembeault_G
Samuel Ersson,G,,47,,,,,35,,,,21.9,19,22,17,,16,21,,,2.86,2.91,2.8,2.88,,3.04,3,,,1157,920,1163,,,962,1245,,,0.896,0.89,0.884,0.894,,0.898,0.896,,,2.9,2,,2,,,2,,2025-2026,,,,,,,,,,,,,Samuel Ersson_G
Scott Wedgewood,G,,26,,,,,26,,,,15.2,15,14,15,,13,14,,,2.61,2.76,2.59,2.74,,2.7,2.8,,,654.4,719,691,,,671,624,,,0.906,0.906,0.909,0.907,,0.906,0.903,,,1.3,1,,1,,,1,,2025-2026,,,,,,,,,,,,,Scott Wedgewood_G
Sergei Bobrovsky,G,,54,,,,,52,,,,35.1,31,30,32,,32,32,,,2.47,2.57,2.47,2.58,,2.56,2.6,,,1348,1346,1361,,,1285,1417,,,0.91,0.906,0.907,0.907,,0.906,0.909,,,4.6,4,,4,,,4,,2025-2026,,,,,,,,,,,,,Sergei Bobrovsky_G
Spencer Knight,G,,53,,,,,50,,,,21.9,20,17,20,,21,19,,,3.12,2.89,2.94,2.85,,3.03,2.9,,,1521.3,1111,1297,,,1447,1388,,,0.902,0.901,0.922,0.903,,0.903,0.906,,,3,2,,2,,,2,,2025-2026,,,,,,,,,,,,,Spencer Knight_G
Stuart Skinner,G,,52,,,,,43,,,,32.4,28,28,31,,24,31,,,2.71,2.72,2.67,2.72,,3.05,2.8,,,1309.5,1285,1287,,,1192,1293,,,0.903,0.904,0.894,0.905,,0.9,0.904,,,2.4,2,,2,,,3,,2025-2026,,,,,,,,,,,,,Stuart Skinner_G
Thatcher Demko,G,,48,,,,,53,,,,24.1,24,26,23,,28,25,,,2.6,2.73,2.49,2.7,,2.76,2.8,,,1204.8,1170,1237,,,1377,1365,,,0.906,0.905,0.89,0.91,,0.904,0.908,,,3.4,3,,2,,,3,,2025-2026,,,,,,,,,,,,,Thatcher Demko_G
Tristan Jarry,G,,45,,,,,46,,,,17.7,16,15,19,,19,16,,,3.03,2.84,2.89,3.01,,3.15,2.9,,,1227.4,911,988,,,1251,1094,,,0.9,0.902,0.893,0.899,,0.895,0.903,,,3.6,2,,3,,,2,,2025-2026,,,,,,,,,,,,,Tristan Jarry_G
Ukko-Pekka Luukkonen,G,,48,,,,,52,,,,20.6,22,23,24,,27,26,,,3.01,3.01,3,3.06,,3.16,2.9,,,1270.9,1165,1216,,,1463,1323,,,0.898,0.896,0.885,0.896,,0.902,0.902,,,2.5,2,,2,,,2,,2025-2026,,,,,,,,,,,,,Ukko-Pekka Luukkonen_G
Yaroslav Askarov,G,,44,,,,,49,,,,16.5,20,16,18,,20,18,,,3.22,2.75,3.02,2.91,,2.94,2.9,,,1291.4,1167,1286,,,1362,1354,,,0.901,0.904,0.888,0.901,,0.904,0.906,,,2.1,2,,1,,,2,,2025-2026,,,,,,,,,,,,,Yaroslav Askarov_G
Connor Ingram,G,,,,,,,37,,,,,14,13,13,,17,11,,,,3,3.03,3.12,,2.86,3,,,,958,885,,,944,639,,,,0.901,0.88,0.902,,0.9,0.9,,,,2,,2,,,1,,2025-2026,,,,,,,,,,,,,Connor Ingram_G
Jacob Markstrom,G,,49,,,,,50,,,,28.2,25,26,23,,30,28,,,2.76,2.69,2.68,2.64,,2.62,2.8,,,1218.2,1276,1375,,,1199,1308,,,0.9,0.899,0.901,0.9,,0.904,0.905,,,2.8,3,,2,,,3,,2025-2026,,,,,,,,,,,,,Jacob Markstrom_G
Jake Allen,G,,33,,,,,30,,,,16.9,12,12,17,,15,16,,,2.79,3.14,2.89,2.86,,2.94,2.9,,,819.5,830,751,,,821,781,,,0.899,0.898,0.908,0.898,,0.901,0.901,,,2.2,2,,1,,,2,,2025-2026,,,,,,,,,,,,,Jake Allen_G
Petr Mrazek,G,,32,,,,,24,,,,12.1,8,8,,,11,10,,,3.39,3.11,2.96,,,3.23,3,,,954.4,690,641,,,696,644,,,0.898,0.899,0.894,,,0.899,0.902,,,0.7,1,,,,,1,,2025-2026,,,,,,,,,,,,,Petr Mrazek_G
Vitek Vanecek,G,,27,,,,,26,,,,12.7,5,11,,,15,,,,3.2,2.96,2.88,,,3.01,,,,721.4,261,602,,,736,,,,0.893,0.898,0.881,,,0.902,,,,1,0,,,,,,,2025-2026,,,,,,,,,,,,,Vitek Vanecek_G
Alexandar Georgiev,G,,,,,,,29,,,,,13,12,,,7,,,,,2.98,2.92,,,3.38,,,,,654,601,,,828,,,,,0.898,0.874,,,0.893,,,,,1,,,,,,,2025-2026,,,,,,,,,,,,,Alexandar Georgiev_G
Alexei Kolosov,G,,,,,,,9,,,,,5,10,,,3,,,,,3.37,3.28,,,3.33,,,,,260,645,,,264,,,,,0.885,0.866,,,0.895,,,,,0,,,,,,,2025-2026,,,,,,,,,,,,,Alexei Kolosov_G
Cayden Primeau,G,,,,,,,8,,,,,4,4,,,4,,,,,3.5,3.17,,,2.41,,,,,288,349,,,213,,,,,0.892,0.902,,,0.903,,,,,1,,,,,,,2025-2026,,,,,,,,,,,,,Cayden Primeau_G
Devon Levi,G,,,,,,,21,,,,,13,13,,,11,,,,,2.88,3.23,,,2.16,,,,,744,831,,,632,,,,,0.902,0.913,,,0.9,,,,,1,,,,,,,2025-2026,,,,,,,,,,,,,Devon Levi_G
Ilya Samsonov,G,,,,,,,15,,,,,18,19,,,7,,,,,2.75,2.7,,,3.07,,,,,754,824,,,396,,,,,0.901,0.889,,,0.894,,,,,2,,,,,,,2025-2026,,,,,,,,,,,,,Ilya Samsonov_G
James Reimer,G,,,,,,,23,,,,,6,5,,,11,,,,,3.34,3.29,,,3.18,,,,,434,404,,,662,,,,,0.896,0.896,,,0.895,,,,,1,,,,,,,2025-2026,,,,,,,,,,,,,James Reimer_G
Joel Blomqvist,G,,,,,,,12,,,,,8,14,,,3,,,,,2.88,3.09,,,3.44,,,,,531,944,,,336,,,,,0.902,0.885,,,0.887,,,,,1,,,,,,,2025-2026,,,,,,,,,,,,,Joel Blomqvist_G
Laurent Brossoit,G,,,,,,,2,,,,,12,11,,,1,,,,,2.8,2.47,,,2.5,,,,,541,515,,,,,,,,0.906,0.907,,,,,,,,1,,,,,,,2025-2026,,,,,,,,,,,,,Laurent Brossoit_G
Semyon Varlamov,G,,,,,,,25,,,,,7,10,,,10,,,,,2.74,2.78,,,2.81,,,,,407,618,,,671,,,,,0.908,0.913,,,0.902,,,,,1,,,,,,,2025-2026,,,,,,,,,,,,,Semyon Varlamov_G
Ville Husso,G,,,,,,,9,,,,,4,6,,,3,,,,,3.06,3.07,,,3.24,,,,,263,374,,,259,,,,,0.896,0.908,,,0.89,,,,,0,,,,,,,2025-2026,,,,,,,,,,,,,Ville Husso_G
Ivan Prosvetov,G,,,,,,,23,,,,,,8,,,9,8,,,,,3,,,2.71,3,,,,,544,,,596,533,,,,,0.905,,,0.904,0.899,,,,,,,,,1,,2025-2026,,,,,,,,,,,,,Ivan Prosvetov_G
Pheonix Copley,G,,,,,,,2,,,,,,9,,,,,,,,,2.73,,,3.53,,,,,,385,,,57,,,,,,0.9,,,0.891,,,,,,,,,,,,2025-2026,,,,,,,,,,,,,Pheonix Copley_G
Spencer Martin,G,,,,,,,10,,,,,,8,,,4,,,,,,3.19,,,3.82,,,,,,560,,,254,,,,,,0.881,,,0.864,,,,,,,,,,,,2025-2026,,,,,,,,,,,,,Spencer Martin_G
Devin Cooley,G,,26,,,,,,,,,8.1,12,,,,,,,,2.99,2.88,,,,,,,,663.3,664,,,,,,,,0.895,0.902,,,,,,,,0.6,1,,,,,,,2025-2026,,,,,,,,,,,,,Devin Cooley_G
